workload,workload_num,policy,display,rep,latency_s,runtime_s,cost
test_day02_hetero,4,CFS,CFS,1,170.456529,205793.619154,1.000000
test_day02_hetero,4,CFS,CFS,2,173.553592,209070.259601,1.000000
test_day02_hetero,4,CFS,CFS,3,174.453731,210597.503611,1.000000
test_day02_hetero,4,CFS,CFS,4,175.234954,211778.550106,1.000000
test_day02_hetero,4,CFS,CFS,5,173.658644,209153.723008,1.000000
test_day02_hetero,4,EEVDF,EEVDF,1,167.521934,211475.116139,1.027608
test_day02_hetero,4,EEVDF,EEVDF,2,168.243231,212656.636349,1.017154
test_day02_hetero,4,EEVDF,EEVDF,3,167.858705,210790.207174,1.000915
test_day02_hetero,4,EEVDF,EEVDF,4,168.296347,212974.016711,1.005645
test_day02_hetero,4,EEVDF,EEVDF,5,167.470704,212213.520466,1.014629
test_day02_hetero,4,ALPS,ALPS,1,575.355825,206659.441731,1.004207
test_day02_hetero,4,ALPS,ALPS,2,559.544322,203158.844398,0.971725
test_day02_hetero,4,ALPS,ALPS,3,563.012652,204468.682930,0.970898
test_day02_hetero,4,ALPS,ALPS,4,570.206107,204795.554517,0.967027
test_day02_hetero,4,ALPS,ALPS,5,565.513225,202559.588845,0.968472
test_day02_hetero,4,S_Latency,Synthesized Latency,1,14576.954725,307885.026668,1.496086
test_day02_hetero,4,S_Latency,Synthesized Latency,2,15381.242799,326181.986169,1.560155
test_day02_hetero,4,S_Latency,Synthesized Latency,3,13518.860799,295281.135867,1.402111
test_day02_hetero,4,S_Latency,Synthesized Latency,4,14701.501302,305630.924056,1.443163
test_day02_hetero,4,S_Latency,Synthesized Latency,5,14443.712941,308025.424684,1.472723
test_day02_hetero,4,Hybrid,Hybrid,1,221123.467605,151293.211012,0.735170
test_day02_hetero,4,Hybrid,Hybrid,2,219016.575962,152436.991263,0.729118
test_day02_hetero,4,Hybrid,Hybrid,3,219470.465606,153323.679743,0.728041
test_day02_hetero,4,Hybrid,Hybrid,4,218216.658207,151811.594163,0.716841
test_day02_hetero,4,Hybrid,Hybrid,5,218460.765108,151208.567043,0.722954
test_day02_hetero,4,S_Intermediate,Synthesized Intermediate,1,193635.165703,144117.560786,0.700301
test_day02_hetero,4,S_Intermediate,Synthesized Intermediate,2,193335.115835,142377.970244,0.681005
test_day02_hetero,4,S_Intermediate,Synthesized Intermediate,3,194678.760076,144149.431583,0.684478
test_day02_hetero,4,S_Intermediate,Synthesized Intermediate,4,191291.524430,144058.277732,0.680231
test_day02_hetero,4,S_Intermediate,Synthesized Intermediate,5,200526.941569,143701.143140,0.687060
test_day02_hetero,4,FIFO,FIFO,1,636429.403668,76329.544139,0.370903
test_day02_hetero,4,FIFO,FIFO,2,623214.338527,74904.690047,0.358275
test_day02_hetero,4,FIFO,FIFO,3,628722.132872,75614.068959,0.359045
test_day02_hetero,4,FIFO,FIFO,4,632342.618175,75853.102108,0.358172
test_day02_hetero,4,FIFO,FIFO,5,636819.947872,76369.743529,0.365137
test_day02_hetero,4,SFS,SFS,1,562212.647439,85529.061710,0.415606
test_day02_hetero,4,SFS,SFS,2,528443.238246,86583.563229,0.414136
test_day02_hetero,4,SFS,SFS,3,514592.513800,83909.614315,0.398436
test_day02_hetero,4,SFS,SFS,4,547181.910161,81792.643302,0.386218
test_day02_hetero,4,SFS,SFS,5,552998.952237,83451.058512,0.398994
test_day02_hetero,4,S_Runtime,Synthesized Runtime,1,660553.112247,69346.124414,0.336969
test_day02_hetero,4,S_Runtime,Synthesized Runtime,2,653533.573986,68839.306325,0.329264
test_day02_hetero,4,S_Runtime,Synthesized Runtime,3,665522.279991,67797.784294,0.321931
test_day02_hetero,4,S_Runtime,Synthesized Runtime,4,647395.025984,69814.310472,0.329657
test_day02_hetero,4,S_Runtime,Synthesized Runtime,5,661369.446600,70121.432844,0.335263
test_noon_hetero,5,CFS,CFS,1,251.789486,322486.010690,1.000000
test_noon_hetero,5,CFS,CFS,2,253.853740,324663.155910,1.000000
test_noon_hetero,5,CFS,CFS,3,251.567907,323728.960312,1.000000
test_noon_hetero,5,CFS,CFS,4,251.032669,323416.310280,1.000000
test_noon_hetero,5,CFS,CFS,5,251.407042,321803.538283,1.000000
test_noon_hetero,5,EEVDF,EEVDF,1,249.454669,326852.063155,1.013539
test_noon_hetero,5,EEVDF,EEVDF,2,247.438036,324854.074773,1.000588
test_noon_hetero,5,EEVDF,EEVDF,3,246.032496,323954.872607,1.000698
test_noon_hetero,5,EEVDF,EEVDF,4,248.674827,326232.986046,1.008709
test_noon_hetero,5,EEVDF,EEVDF,5,244.929151,320567.629860,0.996159
test_noon_hetero,5,ALPS,ALPS,1,830.369384,313807.878686,0.973090
test_noon_hetero,5,ALPS,ALPS,2,835.248571,313096.334482,0.964373
test_noon_hetero,5,ALPS,ALPS,3,825.325334,312796.940754,0.966231
test_noon_hetero,5,ALPS,ALPS,4,836.794744,315400.240782,0.975214
test_noon_hetero,5,ALPS,ALPS,5,836.202851,313451.582413,0.974046
test_noon_hetero,5,S_Latency,Synthesized Latency,1,15996.039563,399427.931838,1.238590
test_noon_hetero,5,S_Latency,Synthesized Latency,2,17432.470780,413764.072025,1.274441
test_noon_hetero,5,S_Latency,Synthesized Latency,3,16062.619269,399375.301636,1.233672
test_noon_hetero,5,S_Latency,Synthesized Latency,4,16089.191777,400434.798523,1.238140
test_noon_hetero,5,S_Latency,Synthesized Latency,5,15860.731641,398327.162983,1.237796
test_noon_hetero,5,Hybrid,Hybrid,1,328026.685170,243603.632937,0.755393
test_noon_hetero,5,Hybrid,Hybrid,2,323290.673696,242119.330684,0.745755
test_noon_hetero,5,Hybrid,Hybrid,3,324359.667158,241084.168705,0.744710
test_noon_hetero,5,Hybrid,Hybrid,4,326728.959897,241531.051539,0.746812
test_noon_hetero,5,Hybrid,Hybrid,5,327038.365093,243897.646224,0.757909
test_noon_hetero,5,S_Intermediate,Synthesized Intermediate,1,282506.390748,224562.257831,0.696347
test_noon_hetero,5,S_Intermediate,Synthesized Intermediate,2,283352.265341,225231.653953,0.693739
test_noon_hetero,5,S_Intermediate,Synthesized Intermediate,3,287854.465342,224264.550108,0.692754
test_noon_hetero,5,S_Intermediate,Synthesized Intermediate,4,285451.359681,225944.251403,0.698617
test_noon_hetero,5,S_Intermediate,Synthesized Intermediate,5,284098.602748,226337.176555,0.703340
test_noon_hetero,5,FIFO,FIFO,1,978926.664180,109916.224729,0.340840
test_noon_hetero,5,FIFO,FIFO,2,985607.570488,111549.686558,0.343586
test_noon_hetero,5,FIFO,FIFO,3,988229.901251,110887.001316,0.342530
test_noon_hetero,5,FIFO,FIFO,4,987843.320176,110801.668168,0.342598
test_noon_hetero,5,FIFO,FIFO,5,989346.857131,110597.743236,0.343681
test_noon_hetero,5,SFS,SFS,1,875340.603286,116581.363933,0.361508
test_noon_hetero,5,SFS,SFS,2,873371.967539,118880.564508,0.366166
test_noon_hetero,5,SFS,SFS,3,873040.271751,118216.443057,0.365171
test_noon_hetero,5,SFS,SFS,4,848773.746481,119314.198019,0.368918
test_noon_hetero,5,SFS,SFS,5,881079.294358,119158.508616,0.370283
test_noon_hetero,5,S_Runtime,Synthesized Runtime,1,1013455.289240,98462.650169,0.305324
test_noon_hetero,5,S_Runtime,Synthesized Runtime,2,1050971.841675,104379.725961,0.321502
test_noon_hetero,5,S_Runtime,Synthesized Runtime,3,1002330.114746,98193.097901,0.303319
test_noon_hetero,5,S_Runtime,Synthesized Runtime,4,1018048.777925,98389.153119,0.304218
test_noon_hetero,5,S_Runtime,Synthesized Runtime,5,1030106.663814,101328.679285,0.314877
test_day10_hetero,6,CFS,CFS,1,730.505474,763800.574000,1.000000
test_day10_hetero,6,CFS,CFS,2,726.804890,762256.424388,1.000000
test_day10_hetero,6,CFS,CFS,3,729.104844,763426.935706,1.000000
test_day10_hetero,6,CFS,CFS,4,754.310408,770266.843937,1.000000
test_day10_hetero,6,CFS,CFS,5,726.111882,761248.634990,1.000000
test_day10_hetero,6,EEVDF,EEVDF,1,735.073379,768342.272506,1.005946
test_day10_hetero,6,EEVDF,EEVDF,2,731.879605,769768.965160,1.009856
test_day10_hetero,6,EEVDF,EEVDF,3,735.156496,766590.820748,1.004144
test_day10_hetero,6,EEVDF,EEVDF,4,726.856281,763919.624166,0.991760
test_day10_hetero,6,EEVDF,EEVDF,5,729.017766,766329.210607,1.006674
test_day10_hetero,6,ALPS,ALPS,1,2385.652705,732616.515078,0.959173
test_day10_hetero,6,ALPS,ALPS,2,2393.197446,731113.304768,0.959144
test_day10_hetero,6,ALPS,ALPS,3,2399.253773,736068.099354,0.964163
test_day10_hetero,6,ALPS,ALPS,4,2385.561488,734431.647704,0.953477
test_day10_hetero,6,ALPS,ALPS,5,2393.178555,730435.458431,0.959523
test_day10_hetero,6,S_Latency,Synthesized Latency,1,39570.163604,918813.725608,1.202950
test_day10_hetero,6,S_Latency,Synthesized Latency,2,40732.335656,929714.216254,1.219687
test_day10_hetero,6,S_Latency,Synthesized Latency,3,44484.551236,962442.652348,1.260687
test_day10_hetero,6,S_Latency,Synthesized Latency,4,43430.032335,959113.346353,1.245170
test_day10_hetero,6,S_Latency,Synthesized Latency,5,40673.294670,931925.417797,1.224206
test_day10_hetero,6,Hybrid,Hybrid,1,932164.566121,526069.752541,0.688753
test_day10_hetero,6,Hybrid,Hybrid,2,924281.624913,525893.738361,0.689917
test_day10_hetero,6,Hybrid,Hybrid,3,923950.087002,523523.671082,0.685755
test_day10_hetero,6,Hybrid,Hybrid,4,924409.459153,522328.876798,0.678114
test_day10_hetero,6,Hybrid,Hybrid,5,924588.081688,515114.336632,0.676670
test_day10_hetero,6,S_Intermediate,Synthesized Intermediate,1,785134.936259,495290.526022,0.648455
test_day10_hetero,6,S_Intermediate,Synthesized Intermediate,2,776476.858212,491071.391826,0.644234
test_day10_hetero,6,S_Intermediate,Synthesized Intermediate,3,776050.795594,492461.192669,0.645067
test_day10_hetero,6,S_Intermediate,Synthesized Intermediate,4,789909.890202,494091.162963,0.641455
test_day10_hetero,6,S_Intermediate,Synthesized Intermediate,5,683791.172677,511758.900919,0.672262
test_day10_hetero,6,FIFO,FIFO,1,2527900.688763,269577.458118,0.352942
test_day10_hetero,6,FIFO,FIFO,2,2582283.868896,273325.102476,0.358574
test_day10_hetero,6,FIFO,FIFO,3,2540088.667044,270158.622604,0.353876
test_day10_hetero,6,FIFO,FIFO,4,2604536.175910,274696.717571,0.356625
test_day10_hetero,6,FIFO,FIFO,5,2527939.988110,269514.511084,0.354043
test_day10_hetero,6,SFS,SFS,1,2314473.385358,275902.540418,0.361223
test_day10_hetero,6,SFS,SFS,2,2297314.329996,280795.578166,0.368374
test_day10_hetero,6,SFS,SFS,3,2314926.493120,275643.209431,0.361060
test_day10_hetero,6,SFS,SFS,4,2333239.437745,270976.219647,0.351795
test_day10_hetero,6,SFS,SFS,5,2214429.796106,294411.906112,0.386749
test_day10_hetero,6,S_Runtime,Synthesized Runtime,1,2531173.914035,238536.527149,0.312302
test_day10_hetero,6,S_Runtime,Synthesized Runtime,2,2593267.245272,246387.996677,0.323235
test_day10_hetero,6,S_Runtime,Synthesized Runtime,3,2566265.322976,248052.083851,0.324919
test_day10_hetero,6,S_Runtime,Synthesized Runtime,4,2571860.830264,237612.229866,0.308480
test_day10_hetero,6,S_Runtime,Synthesized Runtime,5,2534071.944319,236215.029345,0.310299
