workload_num,workload,policy,display,n,latency_mean_s,latency_std_s,runtime_mean_s,runtime_std_s,cost_mean,cost_std
4,test_day02_hetero,CFS,CFS,5,173.471490,1.817028,209278.731096,2246.850499,1.000000,0.000000
4,test_day02_hetero,EEVDF,EEVDF,5,167.878184,0.387767,212021.899368,889.125227,1.013190,0.010407
4,test_day02_hetero,ALPS,ALPS,5,566.726426,6.193168,204328.422484,1594.382435,0.976466,0.015621
4,test_day02_hetero,S_Latency,Synthesized Latency,5,14524.454513,668.192698,308600.899489,11137.494232,1.474848,0.059219
4,test_day02_hetero,Hybrid,Hybrid,5,219257.586498,1151.452553,152014.808645,880.824401,0.726425,0.006896
4,test_day02_hetero,S_Intermediate,Synthesized Intermediate,5,194693.501523,3484.536361,143680.876697,750.107354,0.686615,0.008129
4,test_day02_hetero,FIFO,FIFO,5,631505.688223,5693.844073,75814.229756,600.621002,0.362307,0.005610
4,test_day02_hetero,SFS,SFS,5,541085.852377,19281.843917,84253.188214,1862.406859,0.402678,0.012257
4,test_day02_hetero,S_Runtime,Synthesized Runtime,5,657674.687762,7182.296703,69183.791670,914.161289,0.330617,0.005919
5,test_noon_hetero,CFS,CFS,5,251.930169,1.110216,323219.595095,1109.659924,1.000000,0.000000
5,test_noon_hetero,EEVDF,EEVDF,5,247.305836,1.856012,324492.325288,2470.891284,1.003939,0.007021
5,test_noon_hetero,ALPS,ALPS,5,832.788177,4.881360,313710.595423,1017.783691,0.970591,0.004930
5,test_noon_hetero,S_Latency,Synthesized Latency,5,16288.210606,645.742494,402265.853401,6470.783646,1.244528,0.016838
5,test_noon_hetero,Hybrid,Hybrid,5,325888.870203,1980.304842,242447.166018,1249.581128,0.750116,0.006077
5,test_noon_hetero,S_Intermediate,Synthesized Intermediate,5,284652.616772,2091.288839,225267.977970,881.300061,0.696960,0.004239
5,test_noon_hetero,FIFO,FIFO,5,985990.862645,4176.044917,110750.464801,587.217974,0.342647,0.001144
5,test_noon_hetero,SFS,SFS,5,870321.176683,12469.204971,118430.215627,1115.638938,0.366409,0.003425
5,test_noon_hetero,S_Runtime,Synthesized Runtime,5,1022982.537480,18545.803653,100150.661287,2695.230110,0.309848,0.007998
6,test_day10_hetero,CFS,CFS,5,733.367499,11.839327,764199.882604,3537.365065,1.000000,0.000000
6,test_day10_hetero,EEVDF,EEVDF,5,731.596705,3.672940,766990.178637,2212.152944,1.003676,0.006974
6,test_day10_hetero,ALPS,ALPS,5,2391.368793,5.813574,732933.005067,2330.448467,0.959096,0.003789
6,test_day10_hetero,S_Latency,Synthesized Latency,5,41778.075500,2076.232149,940401.871672,19287.558144,1.230540,0.022594
6,test_day10_hetero,Hybrid,Hybrid,5,925878.763776,3521.600279,522586.075083,4467.906604,0.683842,0.006102
6,test_day10_hetero,S_Intermediate,Synthesized Intermediate,5,762272.730589,44264.659404,496934.634880,8440.032500,0.650295,0.012532
6,test_day10_hetero,FIFO,FIFO,5,2556549.877745,34911.303270,271454.482370,2396.730578,0.355212,0.002324
6,test_day10_hetero,SFS,SFS,5,2294876.688465,46731.601499,279545.890755,9007.001684,0.365840,0.013086
6,test_day10_hetero,S_Runtime,Synthesized Runtime,5,2559327.851373,26398.823644,241360.773378,5444.107751,0.315847,0.007657
