phase,episode,seed,return,acc_task_latency_s,acc_task_runtime_s,makespan_s,preempt,place_batches,place_tasks,place_dqn_actions,place_direct,dispatched_tasks,ring_full,slow_ticks,qlen_peak,qlen_mean,slice_dqn_updates,slice_rtc_ticks,slice_other_updates,slice_ms_8,slice_ms_32,slice_ms_174,slice_ms_390,slice_ms_1633,rebalance_moves,return_per_batch,return_per_sec,timestamp
train,1,4,-1735.39,43211.638786501,246366.887881896,402.179904476,62822,177,8284,8284,0,71106,0,395,2180,527.48,384,0,0,26,82,142,113,21,10263,-9.8045,-4.3150,2026-07-01T16:34:37+00:00
train,2,4,-1813.03,30757.003570893,256752.245071278,427.996899287,73598,200,8284,8284,0,81882,0,424,2216,494.01,411,0,0,11,75,151,159,15,9497,-9.0651,-4.2361,2026-07-01T16:41:56+00:00
train,3,4,-1849.35,53053.786717705,240604.959366400,422.402223171,42238,199,8284,8284,0,50522,0,417,2379,567.04,410,0,0,2,22,130,243,13,9315,-9.2932,-4.3782,2026-07-01T16:49:10+00:00
train,4,4,-1791.80,71061.628121655,234675.795252973,451.418869187,65910,223,8284,8284,0,74194,0,441,2382,491.46,400,0,0,168,70,54,93,15,9086,-8.0350,-3.9693,2026-07-01T16:56:57+00:00
train,5,4,-1722.41,21261.742902362,268920.512876073,391.751092008,134408,232,8284,8284,0,142692,0,379,2192,477.16,378,0,0,70,41,37,124,106,9349,-7.4242,-4.3967,2026-07-01T17:03:42+00:00
train,6,4,-1717.76,66921.267501118,247952.577943046,445.176750811,125433,200,8284,8284,0,133717,0,427,2467,392.02,401,0,0,205,86,31,77,2,7284,-8.5888,-3.8586,2026-07-01T17:11:19+00:00
train,7,4,-1708.08,11164.762543695,295943.279697341,433.103722915,281180,244,8284,8284,0,289464,0,433,2160,263.04,420,0,0,112,256,49,3,0,6393,-7.0003,-3.9438,2026-07-01T17:18:49+00:00
train,8,4,-1678.53,19522.297408705,286847.796405497,424.659497344,182735,240,8284,8284,0,191019,0,423,2302,403.31,411,0,0,100,75,206,29,1,8761,-6.9939,-3.9526,2026-07-01T17:26:09+00:00
train,9,4,-1813.04,20637.361228798,271203.884852390,434.648724542,189968,243,8284,8284,0,198252,0,431,2215,346.90,418,0,0,138,65,207,8,0,7680,-7.4611,-4.1713,2026-07-01T17:33:39+00:00
train,10,4,-1759.81,17866.744546321,284135.348490977,427.582735340,225156,245,8284,8284,0,233440,0,423,2216,319.47,417,0,0,202,67,75,68,5,7593,-7.1829,-4.1157,2026-07-01T17:41:08+00:00
train,11,4,-1702.16,13407.997201712,299275.670702714,437.761111048,274522,240,8284,8284,0,282806,0,435,2248,291.61,414,0,0,201,94,74,45,0,6667,-7.0923,-3.8883,2026-07-01T17:48:46+00:00
train,12,4,-1709.97,5952.798794966,350373.063172434,437.176101066,304928,228,8284,8284,0,313212,0,436,2395,453.99,419,0,0,151,83,98,83,4,8100,-7.4999,-3.9114,2026-07-01T17:56:25+00:00
train,13,4,-1731.05,19738.884931533,267751.452306885,422.585853905,169670,237,8284,8284,0,177954,0,412,2194,391.49,407,0,0,48,123,45,171,20,8908,-7.3040,-4.0963,2026-07-01T18:03:54+00:00
train,14,4,-1677.50,26201.095027412,256772.262695388,413.829839373,147078,238,8284,8284,0,155362,0,405,2062,413.16,400,0,0,14,146,106,131,3,8522,-7.0483,-4.0536,2026-07-01T18:11:11+00:00
train,15,4,-1696.23,20912.543214259,266744.498569391,428.746271913,144311,226,8284,8284,0,152595,0,418,2210,419.28,413,0,0,70,95,77,171,0,9202,-7.5054,-3.9563,2026-07-01T18:18:43+00:00
train,16,4,-1673.97,20935.614241229,262472.345929923,425.613387187,170682,240,8284,8284,0,178966,0,416,2174,375.22,415,0,0,69,109,50,160,27,8241,-6.9749,-3.9331,2026-07-01T18:26:16+00:00
train,17,4,-1665.34,56870.059159021,244160.251858411,439.135010402,112445,215,8284,8284,0,120729,0,420,2386,410.57,397,0,0,45,216,49,83,4,8545,-7.7458,-3.7923,2026-07-01T18:34:05+00:00
train,18,4,-1770.42,6037.271929856,341722.274644801,441.985807984,369905,246,8284,8284,0,378189,0,443,2250,339.89,441,0,0,166,232,28,15,0,6896,-7.1968,-4.0056,2026-07-01T18:41:58+00:00
train,19,4,-1677.97,5905.197149420,346348.102523159,481.161246118,328216,237,8284,8284,0,336500,0,481,2469,410.77,428,0,0,186,172,27,43,0,7207,-7.0800,-3.4873,2026-07-01T18:50:30+00:00
train,20,4,-1669.51,7335.382606586,312917.845684800,433.725158184,292374,243,8284,8284,0,300658,0,431,2384,390.81,420,0,0,123,117,32,145,3,8180,-6.8704,-3.8492,2026-07-01T18:58:19+00:00
train,21,4,-1696.65,11424.650261858,285590.901479422,430.562838960,263557,239,8284,8284,0,271841,0,430,2134,355.81,422,0,0,43,285,71,22,1,7616,-7.0990,-3.9405,2026-07-01T19:05:59+00:00
train,22,4,-1621.55,15490.397373876,267518.664340624,406.253503460,199889,242,8284,8284,0,208173,0,388,2150,421.50,386,0,0,13,261,39,29,44,8665,-6.7006,-3.9915,2026-07-01T19:13:20+00:00
train,23,4,-1698.36,32234.928828900,250619.814505228,427.720155522,121211,244,8284,8284,0,129495,0,414,2065,476.40,410,0,0,40,162,112,89,7,8421,-6.9605,-3.9707,2026-07-01T19:21:06+00:00
train,24,4,-1646.05,77372.949072658,225909.962727430,416.956757520,48043,216,8284,8284,0,56327,0,383,2680,551.83,382,0,0,1,13,148,167,53,7878,-7.6206,-3.9478,2026-07-01T19:28:40+00:00
train,25,4,-1650.41,6925.152136258,337873.197866877,421.949543274,307146,235,8284,8284,0,315430,0,421,2337,468.74,410,0,0,130,68,95,115,2,7561,-7.0230,-3.9114,2026-07-01T19:36:19+00:00
train,26,4,-1661.48,10086.554768479,323570.921332798,461.710593319,321076,245,8284,8284,0,329360,0,459,2338,341.58,423,0,0,239,83,20,81,0,6849,-6.7816,-3.5985,2026-07-01T19:44:38+00:00
train,27,4,-1573.28,6048.786667539,354715.216709101,439.152741484,395787,240,8284,8284,0,404071,0,438,2286,333.64,426,0,0,161,167,55,42,1,6890,-6.5553,-3.5825,2026-07-01T19:52:36+00:00
train,28,4,-1715.51,13702.995586620,329756.881007460,458.114652546,209951,239,8284,8284,0,218235,0,455,2526,540.07,436,0,0,240,9,99,86,2,7994,-7.1779,-3.7447,2026-07-01T20:00:51+00:00
train,29,4,-1641.62,6507.353163965,340704.518700269,449.554592036,325165,240,8284,8284,0,333449,0,449,2465,438.00,415,0,0,136,266,10,2,1,7989,-6.8401,-3.6517,2026-07-01T20:08:58+00:00
train,30,4,-1705.82,24580.142527787,310657.961684725,433.052021450,173702,243,8284,8284,0,181986,0,430,2415,551.11,419,0,0,72,204,125,18,0,7911,-7.0198,-3.9391,2026-07-01T20:16:46+00:00
train,31,4,-1701.26,45804.961517899,240326.754793027,395.203068808,66521,229,8284,8284,0,74805,0,385,2179,549.41,382,0,0,57,96,143,84,2,8205,-7.4291,-4.3048,2026-07-01T20:24:00+00:00
train,32,4,-1704.09,13032.187672122,290836.726635330,431.010780645,242084,248,8284,8284,0,250368,0,429,2241,391.84,424,0,0,48,235,112,28,1,8626,-6.8713,-3.9537,2026-07-01T20:31:44+00:00
train,33,4,-1662.84,10234.110787028,279946.409928659,422.506372514,223977,246,8284,8284,0,232261,0,418,2141,435.65,418,0,0,2,286,60,17,53,9244,-6.7595,-3.9357,2026-07-01T20:39:27+00:00
train,34,4,-1732.19,71656.230028904,224323.264775720,424.150131765,79984,244,8284,8284,0,88268,0,416,2140,491.99,398,0,0,1,218,104,35,40,8756,-7.0991,-4.0839,2026-07-01T20:47:04+00:00
train,35,4,-1801.61,30646.273842139,269570.073364467,426.432107803,103047,253,8284,8284,0,111331,0,428,2282,543.11,419,0,0,6,129,233,51,0,7996,-7.1210,-4.2248,2026-07-01T20:54:48+00:00
train,36,4,-1735.28,12280.953204176,285397.175553432,425.500139971,183847,250,8284,8284,0,192131,0,424,2185,504.69,419,0,0,9,136,151,122,1,9442,-6.9411,-4.0782,2026-07-01T21:02:29+00:00
train,37,4,-1772.31,13914.749174476,313345.420469532,424.149211443,176606,255,8284,8284,0,184890,0,423,2303,610.29,422,0,0,54,68,134,12,154,9525,-6.9502,-4.1785,2026-07-01T21:10:12+00:00
train,38,4,-1714.99,19468.696036379,272769.019250784,436.328348500,178890,241,8284,8284,0,187174,0,435,2161,414.19,404,0,0,31,162,171,40,0,8244,-7.1161,-3.9305,2026-07-01T21:18:05+00:00
train,39,4,-1731.81,14667.411624786,318148.324352379,436.307514750,240408,241,8284,8284,0,248692,0,436,2259,458.86,430,0,0,64,184,55,127,0,8639,-7.1859,-3.9692,2026-07-01T21:26:03+00:00
train,40,4,-1698.42,17763.623657940,279381.164832503,420.342141550,178179,242,8284,8284,0,186463,0,420,2293,463.21,412,0,0,2,223,51,130,6,9303,-7.0183,-4.0406,2026-07-01T21:33:42+00:00
train,41,4,-1732.13,25531.621509068,285840.714768125,405.600302084,130129,246,8284,8284,0,138413,0,398,2312,606.34,393,0,0,38,66,144,93,52,9128,-7.0412,-4.2705,2026-07-01T21:41:02+00:00
train,42,4,-1704.05,37731.436339012,246444.324227882,409.988909241,101461,228,8284,8284,0,109745,0,401,2154,459.38,393,0,0,20,88,146,136,3,8657,-7.4739,-4.1563,2026-07-01T21:48:31+00:00
train,43,4,-1739.20,31875.711010952,283732.673576409,415.987638775,110730,255,8284,8284,0,119014,0,408,2323,564.49,405,0,0,32,82,125,103,63,9114,-6.8204,-4.1809,2026-07-01T21:56:01+00:00
train,44,4,-1577.34,54243.436588110,233670.939805179,391.769233781,96176,230,8284,8284,0,104460,0,361,2078,483.27,359,0,0,7,71,89,72,120,8490,-6.8580,-4.0262,2026-07-01T22:03:13+00:00
train,45,4,-1708.05,24880.778002002,290746.186769386,469.117755610,232397,252,8284,8284,0,240681,0,461,2310,355.87,421,0,0,210,157,45,3,6,7430,-6.7780,-3.6410,2026-07-01T22:11:44+00:00
train,46,4,-1704.77,20051.574887558,338110.033081015,457.745308605,345526,254,8284,8284,0,353810,0,453,2373,300.98,441,0,0,250,34,43,51,63,5764,-6.7117,-3.7243,2026-07-01T22:20:02+00:00
train,47,4,-1631.30,6285.577937501,355536.798840019,440.361379064,364527,237,8284,8284,0,372811,0,440,2543,333.95,420,0,0,248,161,8,3,0,6378,-6.8831,-3.7045,2026-07-01T22:27:58+00:00
train,48,4,-1601.40,6053.276415586,362846.027653700,438.091511213,387045,233,8284,8284,0,395329,0,435,2484,325.10,411,0,0,236,99,38,37,1,6143,-6.8730,-3.6554,2026-07-01T22:35:53+00:00
train,49,4,-1585.66,6112.946642355,361507.885951915,449.545773827,391548,237,8284,8284,0,399832,0,451,2452,324.97,442,0,0,310,102,18,12,0,6411,-6.6905,-3.5272,2026-07-01T22:43:59+00:00
train,50,4,-1723.04,5987.291670572,364228.157696175,491.117947160,407204,255,8284,8284,0,415488,0,489,2373,294.79,455,0,0,385,62,5,3,0,5586,-6.7570,-3.5084,2026-07-01T22:52:45+00:00
test,51,4,-1642.17,11258.517485053,326314.949344458,368.207932260,292674,266,8627,8627,0,301301,0,368,2314,454.71,362,0,0,0,358,4,0,0,9028,-6.1736,-4.4599,2026-07-01T22:58:58+00:00
test,52,4,-1556.14,11437.726546840,332842.482737818,375.791043962,296060,238,8627,8627,0,304687,0,375,2344,448.08,370,0,0,0,366,3,1,0,9241,-6.5384,-4.1410,2026-07-01T23:05:20+00:00
test,53,4,-1564.04,11347.035310273,328240.015091773,380.972676370,295169,255,8627,8627,0,303796,0,379,2336,435.59,362,0,0,0,361,1,0,0,8843,-6.1335,-4.1054,2026-07-01T23:11:46+00:00
test,54,4,-1526.85,11510.871707110,330755.148993101,385.697637013,296497,247,8627,8627,0,305124,0,384,2318,418.09,363,0,0,0,362,1,0,0,8454,-6.1816,-3.9587,2026-07-01T23:18:17+00:00
test,55,4,-1533.90,11457.447492372,330648.049865221,390.519556060,295241,240,8627,8627,0,303868,0,389,2308,410.13,372,0,0,0,371,1,0,0,8477,-6.3913,-3.9278,2026-07-01T23:24:53+00:00
train,1,0,-1610.38,49388.967748463,259486.231657478,434.008429268,47553,119,8284,8284,0,55837,0,376,2464,532.23,355,NA,0,15,77,121,97,45,8127,-13.5326,-3.7105,2026-07-02T08:49:43+00:00
train,2,0,-1645.52,61694.883464681,249607.305138837,426.454505171,49803,127,8284,8284,0,58087,0,379,2365,513.09,373,NA,0,9,79,113,91,81,9071,-12.9569,-3.8586,2026-07-02T08:57:05+00:00
train,3,0,-1121.40,43244.878476328,267435.500020126,444.290164059,70123,127,8284,8284,0,78407,0,285,2345,414.76,256,NA,0,8,106,103,34,5,6062,-8.8299,-2.5240,2026-07-02T09:04:42+00:00
train,4,0,-1470.27,32588.862936518,283008.581659392,459.966912440,120473,129,8284,8284,0,128757,0,377,2331,304.85,353,NA,0,21,184,78,67,3,6765,-11.3974,-3.1965,2026-07-02T09:12:33+00:00
train,5,0,-1342.51,28909.435687205,283817.246115122,409.747638776,112382,137,8284,8284,0,120666,0,320,2138,399.02,308,NA,0,17,105,65,109,12,7566,-9.7993,-3.2764,2026-07-02T09:19:36+00:00
train,6,0,-975.55,31875.331139477,278323.250153934,438.452231135,116491,118,8284,8284,0,124775,0,235,2075,265.88,230,NA,0,8,95,37,52,38,3926,-8.2674,-2.2250,2026-07-02T09:27:11+00:00
train,7,0,-1007.79,38976.713206663,284483.546146181,414.919512444,103150,135,8284,8284,0,111434,0,235,2297,332.25,233,NA,0,11,96,42,34,50,4010,-7.4651,-2.4289,2026-07-02T09:34:24+00:00
train,8,0,-1318.29,45046.161590932,268596.064558645,461.364987161,96173,137,8284,8284,0,104457,0,339,2368,385.99,305,NA,0,42,166,66,29,2,6782,-9.6226,-2.8574,2026-07-02T09:42:21+00:00
train,9,0,-1322.14,27236.220292145,286405.852751632,447.860114324,116142,140,8284,8284,0,124426,0,334,2207,386.35,306,NA,0,90,122,62,30,2,7108,-9.4439,-2.9521,2026-07-02T09:50:12+00:00
train,10,0,-1335.57,23253.452865277,314695.373315960,463.254684624,157520,135,8284,8284,0,165804,0,340,2351,340.63,318,NA,0,33,108,91,84,2,5922,-9.8931,-2.8830,2026-07-02T09:58:13+00:00
train,11,0,-944.15,29534.999835029,301707.017390611,468.315778535,115704,144,8284,8284,0,123988,0,253,2198,295.43,227,NA,0,56,70,46,54,1,4425,-6.5566,-2.0161,2026-07-02T10:06:20+00:00
train,12,0,-1382.79,10332.491631913,425904.485608461,468.926602138,251061,142,8284,8284,0,259345,0,370,2879,393.47,355,NA,0,77,105,70,103,0,5995,-9.7380,-2.9488,2026-07-02T10:14:31+00:00
train,13,0,-1361.28,9717.752653342,472054.011608631,479.338096528,337876,142,8284,8284,0,346160,0,368,3028,265.39,355,NA,0,150,184,20,1,0,3792,-9.5865,-2.8399,2026-07-02T10:22:51+00:00
train,14,0,-1411.22,18601.097930195,336187.056479060,488.171489789,180105,153,8284,8284,0,188389,0,387,2481,350.70,354,NA,0,27,303,21,3,0,6129,-9.2237,-2.8908,2026-07-02T10:31:21+00:00
train,15,0,-947.15,16718.712424091,358741.172914672,499.982063354,208883,149,8284,8284,0,217167,0,282,2493,299.00,248,NA,0,55,183,9,1,0,3887,-6.3567,-1.8944,2026-07-02T10:40:02+00:00
train,16,0,-1087.75,15991.428453694,406857.174324214,498.438967444,224513,116,8284,8284,0,232797,0,308,2439,238.48,274,NA,0,80,178,11,5,0,3293,-9.3772,-2.1823,2026-07-02T10:48:43+00:00
train,17,0,-1440.60,9574.793207918,459562.811438069,488.708377511,345837,146,8284,8284,0,354121,0,386,2865,238.96,371,NA,0,165,83,13,110,0,4014,-9.8671,-2.9478,2026-07-02T10:57:13+00:00
train,18,0,-1041.79,12076.570301192,427038.466965222,504.084266629,300377,144,8284,8284,0,308661,0,282,2669,272.77,264,NA,0,105,89,13,56,1,3007,-7.2347,-2.0667,2026-07-02T11:06:03+00:00
train,19,0,-907.70,11934.278315496,519366.132854184,498.323389885,337293,134,8284,8284,0,345577,0,270,3235,257.18,257,NA,0,151,46,9,51,0,2465,-6.7739,-1.8215,2026-07-02T11:14:48+00:00
train,20,0,-1447.58,18782.353921423,335243.650823802,507.421928141,156560,145,8284,8284,0,164844,0,397,2386,397.55,355,NA,0,169,129,53,4,0,5736,-9.9833,-2.8528,2026-07-02T11:23:40+00:00
train,21,0,-1500.03,10047.626707444,446491.981325033,501.117485759,267154,159,8284,8284,0,275438,0,389,2949,462.45,374,NA,0,258,99,7,5,5,6104,-9.4342,-2.9934,2026-07-02T11:32:29+00:00
train,22,0,-1082.54,10472.080914287,515520.784305136,482.625878979,357795,150,8284,8284,0,366079,0,285,3155,330.84,278,NA,0,161,50,8,59,0,3387,-7.2169,-2.2430,2026-07-02T11:40:59+00:00
train,23,0,-1116.38,12008.353678890,460408.036499288,478.006445801,221902,142,8284,8284,0,230186,0,301,3106,467.12,284,NA,0,83,84,15,101,1,5352,-7.8618,-2.3355,2026-07-02T11:49:25+00:00
train,24,0,-1388.32,12423.994766223,414702.662872774,474.178925744,228255,147,8284,8284,0,236539,0,362,2933,472.39,342,NA,0,77,214,24,21,6,6865,-9.4444,-2.9278,2026-07-02T11:57:48+00:00
train,25,0,-1004.93,11052.160286742,443411.786387857,469.469367031,207003,140,8284,8284,0,215287,0,255,3052,619.90,240,NA,0,96,100,9,8,27,5418,-7.1781,-2.1406,2026-07-02T12:06:05+00:00
train,26,0,-1112.56,12750.168036309,521954.253509751,536.945862877,313435,142,8284,8284,0,321719,0,326,3258,326.33,288,NA,0,142,132,14,0,0,3306,-7.8349,-2.0720,2026-07-02T12:15:33+00:00
train,27,0,-1432.23,14002.006468376,340981.814540758,465.997041361,165767,161,8284,8284,0,174051,0,372,2460,435.52,357,NA,0,83,242,17,11,4,6574,-8.8958,-3.0735,2026-07-02T12:23:50+00:00
train,28,0,-1403.26,10303.161752290,449265.238958007,471.859821886,273450,156,8284,8284,0,281734,0,372,3026,485.80,355,NA,0,228,39,87,1,0,5608,-8.9953,-2.9739,2026-07-02T12:32:17+00:00
train,29,0,-1091.14,11649.472768718,474419.735686353,458.882547793,190295,137,8284,8284,0,198579,0,277,3236,556.15,276,NA,0,72,18,67,27,92,5553,-7.9645,-2.3778,2026-07-02T12:40:29+00:00
train,30,0,-1386.31,9152.623978015,476611.142601889,498.023191884,351823,149,8284,8284,0,360107,0,390,2877,319.83,373,NA,0,286,51,33,3,0,4225,-9.3041,-2.7836,2026-07-02T12:49:23+00:00
train,31,0,-1104.71,17061.869049361,382302.821631417,530.052331531,229903,147,8284,8284,0,238187,0,310,2447,247.78,276,NA,0,142,132,2,0,0,3233,-7.5150,-2.0842,2026-07-02T12:58:48+00:00
train,32,0,-1339.19,36863.827973893,291802.402521899,434.441523079,81349,155,8284,8284,0,89633,0,339,2344,526.42,324,NA,0,143,54,126,1,0,6407,-8.6399,-3.0826,2026-07-02T13:06:39+00:00
train,33,0,-1351.18,15090.862712824,331587.696509662,464.123763831,160654,158,8284,8284,0,168938,0,371,2361,465.25,351,NA,0,159,138,53,1,0,7000,-8.5518,-2.9112,2026-07-02T13:15:03+00:00
train,34,0,-1032.08,14113.144814446,425166.576906501,494.689659072,264116,149,8284,8284,0,272400,0,287,2616,316.56,267,NA,0,103,145,12,4,3,3457,-6.9267,-2.0863,2026-07-02T13:23:52+00:00
train,35,0,-1138.87,11363.862167523,529968.684317853,470.938471496,279994,129,8284,8284,0,288278,0,290,3280,483.82,282,NA,0,221,18,7,5,31,4288,-8.8284,-2.4183,2026-07-02T13:32:36+00:00
train,36,0,-1355.56,9327.009488117,422143.778648158,483.284171427,225326,153,8284,8284,0,233610,0,371,2904,558.16,339,NA,0,206,33,94,5,1,6364,-8.8599,-2.8049,2026-07-02T13:41:18+00:00
train,37,0,-1051.50,10858.793588818,443091.795090668,553.384061557,290013,153,8284,8284,0,298297,0,322,2955,313.27,271,NA,0,171,74,19,2,5,4315,-6.8725,-1.9001,2026-07-02T13:51:09+00:00
train,38,0,-1073.74,19096.225511845,426269.439436753,511.202770724,163098,138,8284,8284,0,171382,0,298,3023,567.07,266,NA,0,155,26,78,6,1,5786,-7.7807,-2.1004,2026-07-02T14:00:14+00:00
train,39,0,-1385.05,10856.134732157,423926.681679626,453.337155677,234471,163,8284,8284,0,242755,0,356,2978,554.16,346,NA,0,210,41,77,11,7,6457,-8.4972,-3.0552,2026-07-02T14:08:25+00:00
train,40,0,-988.63,39314.893739982,288030.350418830,429.211986319,71319,136,8284,8284,0,79603,0,251,2344,439.28,249,NA,0,4,23,79,19,124,5087,-7.2693,-2.3034,2026-07-02T14:16:13+00:00
train,41,0,-1383.30,31249.472955888,279773.860739049,462.501203751,99920,148,8284,8284,0,108204,0,362,2190,383.85,345,NA,0,95,174,65,9,2,6097,-9.3466,-2.9909,2026-07-02T14:24:33+00:00
train,42,0,-1319.65,34592.131980802,270954.014373888,454.202132169,89756,145,8284,8284,0,98040,0,346,2216,427.16,325,NA,0,162,65,86,8,4,5594,-9.1010,-2.9054,2026-07-02T14:32:40+00:00
train,43,0,-966.52,16258.632937885,428435.602909702,498.659314383,286711,146,8284,8284,0,294995,0,272,2849,296.93,259,NA,0,123,84,12,39,1,2998,-6.6200,-1.9382,2026-07-02T14:41:30+00:00
train,44,0,-959.51,11825.476284487,552200.214760588,499.351958519,320266,137,8284,8284,0,328550,0,283,3349,391.97,265,NA,0,201,20,37,6,1,3559,-7.0037,-1.9215,2026-07-02T14:50:25+00:00
train,45,0,-1332.70,9075.886370305,440587.475098613,549.914757125,285641,156,8284,8284,0,293925,0,443,2809,377.33,367,NA,0,225,13,81,42,6,5889,-8.5429,-2.4235,2026-07-02T15:00:11+00:00
train,46,0,-1445.77,9859.339054091,438570.919037914,477.941382809,243074,156,8284,8284,0,251358,0,370,2910,558.07,352,NA,0,139,31,75,106,1,6031,-9.2678,-3.0250,2026-07-02T15:08:50+00:00
train,47,0,-922.58,73268.105979591,233796.654795999,555.136325662,39957,142,8284,8284,0,48241,0,298,2440,356.02,215,NA,0,36,15,44,120,0,4833,-6.4970,-1.6619,2026-07-02T15:18:40+00:00
train,48,0,-1227.69,71735.851114962,232564.843675752,469.831349331,40720,134,8284,8284,0,49004,0,333,2328,442.43,285,NA,0,102,24,63,96,0,6339,-9.1619,-2.6130,2026-07-02T15:27:05+00:00
train,49,0,-863.73,68763.819874592,238569.223500838,471.009264615,49535,126,8284,8284,0,57819,0,246,2293,367.88,211,NA,0,96,7,73,34,1,4431,-6.8550,-1.8338,2026-07-02T15:35:35+00:00
train,50,0,-1206.35,11480.241788819,491426.150280156,470.238054449,286097,130,8284,8284,0,294381,0,344,3076,442.90,330,NA,0,154,22,83,69,2,5264,-9.2796,-2.5654,2026-07-02T15:44:02+00:00
test,51,0,-1348.45,12297.036548096,469341.097993640,399.055061817,217562,164,8627,8627,0,226189,0,302,3196,812.94,283,NA,0,89,8,119,67,0,9968,-8.2223,-3.3791,2026-07-02T15:50:46+00:00
test,52,0,-955.09,11235.289490151,505018.117051111,399.916371629,244067,151,8627,8627,0,252694,0,222,3376,773.23,213,NA,0,72,10,78,53,0,6970,-6.3251,-2.3882,2026-07-02T15:57:31+00:00
test,53,0,-908.56,12056.612530174,526992.237183766,409.216154028,215460,149,8627,8627,0,224087,0,210,3589,869.61,198,NA,0,80,16,82,20,0,6465,-6.0977,-2.2202,2026-07-02T16:04:26+00:00
test,54,0,-1326.98,34180.054139828,409756.097827391,391.423276577,137896,159,8627,8627,0,146523,0,292,2832,857.78,280,NA,0,107,7,136,30,0,9582,-8.3458,-3.3901,2026-07-02T16:11:02+00:00
test,55,0,-922.06,32778.775654312,437906.680042727,434.644156822,151766,147,8627,8627,0,160393,0,228,2913,730.22,213,NA,0,104,7,89,13,0,6474,-6.2725,-2.1214,2026-07-02T16:18:21+00:00
train,1,1,-996.15,72636.373042345,269699.853133285,456.412495347,64650,109,8284,8284,0,72934,0,249,2477,410.26,233,NA,0,13,57,87,64,12,4646,-9.1390,-2.1826,2026-07-02T16:26:08+00:00
train,2,1,-1340.92,83743.306725778,236774.979874325,431.085878991,38916,112,8284,8284,0,47200,0,318,2562,556.53,302,NA,0,14,54,93,98,43,7765,-11.9725,-3.1106,2026-07-02T16:33:30+00:00
train,3,1,-1407.83,40327.994695847,267910.827193451,443.880888387,77843,121,8284,8284,0,86127,0,344,2129,416.58,329,NA,0,20,175,97,32,5,7326,-11.6350,-3.1716,2026-07-02T16:41:05+00:00
train,4,1,-1346.76,49049.319107947,291715.921671077,462.246131944,108640,118,8284,8284,0,116924,0,349,2666,352.11,323,NA,0,32,171,94,24,2,6270,-11.4132,-2.9135,2026-07-02T16:48:58+00:00
train,5,1,-1040.14,55910.415632032,265648.849879711,425.119843213,100743,140,8284,8284,0,109027,0,251,2563,342.24,244,NA,0,5,107,65,41,26,4400,-7.4296,-2.4467,2026-07-02T16:56:19+00:00
train,6,1,-1365.87,42930.022734727,267992.768554438,429.044271494,99338,131,8284,8284,0,107622,0,324,2233,371.12,322,NA,0,24,107,71,44,76,6306,-10.4265,-3.1835,2026-07-02T17:03:44+00:00
train,7,1,-1392.89,30052.602210481,289769.309337700,453.735942422,107865,129,8284,8284,0,116149,0,357,2279,388.33,333,NA,0,26,211,75,19,2,6948,-10.7976,-3.0698,2026-07-02T17:11:33+00:00
train,8,1,-1078.59,38956.805174056,350874.194654232,491.045968709,184561,134,8284,8284,0,192845,0,298,2523,241.40,278,NA,0,64,169,30,13,2,3619,-8.0492,-2.1965,2026-07-02T17:20:03+00:00
train,9,1,-1060.21,26647.922725775,372793.954451630,502.210073478,190737,129,8284,8284,0,199021,0,288,2534,208.22,264,NA,0,72,154,27,11,0,3435,-8.2187,-2.1111,2026-07-02T17:28:40+00:00
train,10,1,-1396.75,10015.182617419,441573.871890990,502.001489189,297791,140,8284,8284,0,306075,0,375,2826,258.57,357,NA,0,183,128,43,3,0,4410,-9.9768,-2.7824,2026-07-02T17:37:21+00:00
train,11,1,-1347.24,30418.874686800,275853.713102789,450.147681453,127140,142,8284,8284,0,135424,0,342,2270,324.18,326,NA,0,5,139,100,76,6,5917,-9.4876,-2.9929,2026-07-02T17:45:02+00:00
train,12,1,-1375.94,20714.655181382,351065.183298863,454.390118048,195824,139,8284,8284,0,204108,0,354,2454,344.99,348,NA,0,43,209,66,30,0,5348,-9.8988,-3.0281,2026-07-02T17:52:54+00:00
train,13,1,-1315.29,26296.078165569,305704.596770756,479.554900890,142121,136,8284,8284,0,150405,0,363,2410,325.10,324,NA,0,45,213,49,17,0,6007,-9.6713,-2.7427,2026-07-02T18:01:19+00:00
train,14,1,-1079.80,33078.005506372,303893.929865969,486.545760191,151302,141,8284,8284,0,159586,0,296,2274,251.54,270,NA,0,31,110,116,13,0,3997,-7.6582,-2.2193,2026-07-02T18:09:50+00:00
train,15,1,-1357.21,14787.895312240,351029.539611880,475.905311344,236282,139,8284,8284,0,244566,0,359,2382,257.48,345,NA,0,63,269,11,2,0,4368,-9.7641,-2.8518,2026-07-02T18:18:06+00:00
train,16,1,-1393.60,16733.306199101,339898.360061183,492.005988984,202754,147,8284,8284,0,211038,0,380,2350,292.60,350,NA,0,59,240,35,16,0,5375,-9.4803,-2.8325,2026-07-02T18:26:43+00:00
train,17,1,-1046.11,14909.816948647,379644.690012860,519.054185800,242988,140,8284,8284,0,251272,0,302,2302,214.44,272,NA,0,71,195,6,0,0,2890,-7.4722,-2.0154,2026-07-02T18:35:42+00:00
train,18,1,-1377.56,13917.740629659,353404.878016845,486.142203334,249226,138,8284,8284,0,257510,0,390,2338,233.67,366,NA,0,75,285,6,0,0,4186,-9.9823,-2.8337,2026-07-02T18:44:15+00:00
train,19,1,-1342.21,14728.816065320,388157.215069862,506.234040349,263903,156,8284,8284,0,272187,0,397,2547,252.14,358,NA,0,141,208,8,1,0,3943,-8.6039,-2.6514,2026-07-02T18:53:08+00:00
train,20,1,-1025.74,15519.828517337,364941.758704087,495.236765532,223751,134,8284,8284,0,232035,0,305,2364,210.02,280,NA,0,134,138,8,0,0,2802,-7.6548,-2.0712,2026-07-02T19:01:49+00:00
train,21,1,-1389.54,13810.324694320,383710.082873079,488.282015894,274074,144,8284,8284,0,282358,0,375,2385,228.43,366,NA,0,243,116,7,0,0,3997,-9.6496,-2.8458,2026-07-02T19:10:24+00:00
train,22,1,-1334.29,19377.892644693,368162.053238157,517.723845851,232449,146,8284,8284,0,240733,0,392,2492,246.89,348,NA,0,202,82,64,0,0,4077,-9.1390,-2.5772,2026-07-02T19:19:33+00:00
train,23,1,-1161.36,9950.113464869,486338.011261293,559.898394020,366689,147,8284,8284,0,374973,0,339,2922,262.19,294,NA,0,244,46,4,0,0,3103,-7.9004,-2.0742,2026-07-02T19:29:25+00:00
train,24,1,-1037.58,11114.795922859,560832.688239788,533.266102062,361262,142,8284,8284,0,369546,0,324,3347,292.49,304,NA,0,255,47,2,0,0,2789,-7.3069,-1.9457,2026-07-02T19:38:54+00:00
train,25,1,-1370.42,9247.477686293,482510.956054127,513.924976951,368399,152,8284,8284,0,376683,0,399,2985,253.16,384,NA,0,327,56,1,0,0,3281,-9.0159,-2.6666,2026-07-02T19:48:02+00:00
train,26,1,-1132.02,9735.994376728,477573.425428285,539.908028828,362292,145,8284,8284,0,370576,0,335,2949,229.73,297,NA,0,209,86,2,0,0,2593,-7.8070,-2.0967,2026-07-02T19:57:36+00:00
train,27,1,-1124.82,11391.860683300,554734.952879060,591.322792728,321818,129,8284,8284,0,330102,0,345,3484,274.76,292,NA,0,272,19,1,0,0,3038,-8.7195,-1.9022,2026-07-02T20:08:02+00:00
train,28,1,-1399.50,9320.410963288,469986.111352849,502.559279492,345758,160,8284,8284,0,354042,0,395,3070,270.98,382,NA,0,291,90,1,0,0,3423,-8.7469,-2.7847,2026-07-02T20:16:50+00:00
train,29,1,-1456.81,10049.478964592,472382.576864600,500.999760522,359594,160,8284,8284,0,367878,0,409,2963,281.47,391,NA,0,345,44,2,0,0,3877,-9.1051,-2.9078,2026-07-02T20:25:49+00:00
train,30,1,-1166.22,10089.202814240,525443.322057394,536.360422382,386673,146,8284,8284,0,394957,0,324,3226,263.99,293,NA,0,263,29,1,0,0,2822,-7.9878,-2.1743,2026-07-02T20:35:22+00:00
train,31,1,-1283.35,9187.123585013,471344.192045269,487.585391747,352494,149,8284,8284,0,360778,0,368,2935,289.64,346,NA,0,306,38,2,0,0,3710,-8.6131,-2.6321,2026-07-02T20:44:12+00:00
train,32,1,-1144.67,10549.611021315,462414.021180708,539.023997845,335799,153,8284,8284,0,344083,0,325,3010,339.29,292,NA,0,225,66,1,0,0,3354,-7.4815,-2.1236,2026-07-02T20:53:49+00:00
train,33,1,-1043.04,10593.305547367,474574.623288328,511.999393232,198663,143,8284,8284,0,206947,0,285,3299,665.84,252,NA,0,167,8,4,72,1,5407,-7.2940,-2.0372,2026-07-02T21:02:56+00:00
train,34,1,-1381.76,9695.549456928,450793.646825303,530.126206853,325296,149,8284,8284,0,333580,0,416,2909,294.00,379,NA,0,213,161,5,0,0,4513,-9.2736,-2.6065,2026-07-02T21:12:23+00:00
train,35,1,-958.72,10258.396602457,492624.851411881,502.281865489,376918,147,8284,8284,0,385202,0,305,2994,291.79,281,NA,0,226,53,2,0,0,2937,-6.5219,-1.9087,2026-07-02T21:21:21+00:00
train,36,1,-1094.63,11020.093206715,500558.775289468,516.372298441,313450,139,8284,8284,0,321734,0,318,3250,332.67,306,NA,0,218,86,2,0,0,3081,-7.8750,-2.1198,2026-07-02T21:30:29+00:00
train,37,1,-1309.31,9217.997994019,462475.441502432,495.945313181,336064,152,8284,8284,0,344348,0,383,2676,301.01,362,NA,0,159,197,6,0,0,3806,-8.6139,-2.6400,2026-07-02T21:39:32+00:00
train,38,1,-1191.89,10941.997140016,485315.321269522,539.122018617,376153,143,8284,8284,0,384437,0,330,2977,235.22,297,NA,0,156,139,2,0,0,2601,-8.3349,-2.2108,2026-07-02T21:49:06+00:00
train,39,1,-1128.25,13143.347796769,419035.345946799,515.164105739,275684,142,8284,8284,0,283968,0,320,2758,262.32,282,NA,0,149,131,2,0,0,3213,-7.9454,-2.1901,2026-07-02T21:58:19+00:00
train,40,1,-1340.84,9666.186784648,466545.939331659,482.187939293,313228,156,8284,8284,0,321512,0,373,3097,379.83,357,NA,0,210,134,8,5,0,4561,-8.5951,-2.7807,2026-07-02T22:06:55+00:00
train,41,1,-1404.30,9555.088570435,486009.627214875,563.143367242,349983,155,8284,8284,0,358267,0,435,3032,258.35,362,NA,0,304,45,8,4,1,4078,-9.0600,-2.4937,2026-07-02T22:17:04+00:00
train,42,1,-1011.79,10720.486664251,488604.567444966,505.233341697,263442,148,8284,8284,0,271726,0,304,3161,445.31,283,NA,0,202,16,8,57,0,4534,-6.8364,-2.0026,2026-07-02T22:26:00+00:00
train,43,1,-1354.50,9201.708713487,432565.030273255,482.129472923,230363,166,8284,8284,0,238647,0,370,2859,544.03,344,NA,0,161,69,6,42,66,6809,-8.1596,-2.8094,2026-07-02T22:34:34+00:00
train,44,1,-1385.50,9370.508040387,448195.346814310,432.838845572,204758,148,8284,8284,0,213042,0,328,2977,697.66,320,NA,0,89,7,10,149,65,6196,-9.3615,-3.2010,2026-07-02T22:42:25+00:00
train,45,1,-1020.21,10869.594432550,447919.813096632,529.345821425,186421,150,8284,8284,0,194705,0,291,3206,618.00,246,NA,0,85,10,8,143,0,5777,-6.8014,-1.9273,2026-07-02T22:51:54+00:00
train,46,1,-1048.11,11564.239510778,547095.330486819,559.020665567,303512,137,8284,8284,0,311796,0,337,3155,343.43,288,NA,0,197,6,17,64,4,3847,-7.6504,-1.8749,2026-07-02T23:02:04+00:00
train,47,1,-1402.91,9300.086315648,439876.444881075,544.015645823,255400,147,8284,8284,0,263684,0,423,2886,423.40,352,NA,0,224,87,25,15,1,5704,-9.5436,-2.5788,2026-07-02T23:11:46+00:00
train,48,1,-1421.80,10042.495876304,431206.400437796,449.530303316,219398,156,8284,8284,0,227682,0,345,3057,607.99,345,NA,0,82,31,9,30,193,7631,-9.1141,-3.1629,2026-07-02T23:19:46+00:00
train,49,1,-1145.36,10518.889521141,505306.662823267,511.296165739,323295,155,8284,8284,0,331579,0,301,3105,398.11,262,NA,0,206,10,3,43,0,4324,-7.3894,-2.2401,2026-07-02T23:28:55+00:00
train,50,1,-1022.20,32003.833355837,318234.079116517,425.411424403,116755,111,8284,8284,0,125039,0,250,2353,375.33,247,NA,0,72,68,28,76,3,4504,-9.2090,-2.4029,2026-07-02T23:36:38+00:00
test,51,1,-1544.64,9987.722285246,549142.261055150,498.907629714,429732,161,8627,8627,0,438359,0,393,3100,308.11,360,NA,0,352,7,1,0,0,4162,-9.5940,-3.0960,2026-07-02T23:45:03+00:00
test,52,1,-1863.18,10009.922238573,518199.227158683,438.778966558,379998,151,8627,8627,0,388625,0,363,3193,385.24,356,NA,0,330,20,6,0,0,5110,-12.3389,-4.2463,2026-07-02T23:52:27+00:00
test,53,1,-1512.90,11504.176142705,610988.802977607,510.172938200,421366,150,8627,8627,0,429993,0,332,3391,304.40,305,NA,0,299,5,1,0,0,3025,-10.0860,-2.9655,2026-07-03T00:01:04+00:00
test,54,1,-1398.53,9973.520158064,543420.692137210,503.284252537,415866,158,8627,8627,0,424493,0,397,3085,299.63,363,NA,0,361,1,1,0,0,4074,-8.8515,-2.7788,2026-07-03T00:09:32+00:00
test,55,1,-1227.40,10434.026225176,578104.147007298,479.431199457,443279,156,8627,8627,0,451906,0,296,3362,371.27,282,NA,0,280,1,1,0,0,3313,-7.8679,-2.5601,2026-07-03T00:17:37+00:00
train,1,2,-1013.45,86200.361090195,241463.522096172,436.291980666,42825,108,8284,8284,0,51109,0,237,2724,499.98,220,NA,0,8,50,80,58,24,5464,-9.3838,-2.3229,2026-07-03T00:25:06+00:00
train,2,2,-1357.02,72434.409748484,252893.233600667,435.967234299,31728,112,8284,8284,0,40012,0,325,2452,558.68,300,NA,0,1,25,88,133,53,7494,-12.1162,-3.1127,2026-07-03T00:32:33+00:00
train,3,2,-1403.94,84965.961917768,247077.572819315,418.685579556,32372,123,8284,8284,0,40656,0,316,2710,611.95,310,NA,0,2,17,62,139,90,7358,-11.4141,-3.3532,2026-07-03T00:39:43+00:00
train,4,2,-1002.66,40453.094082785,258201.249463321,438.116497890,71722,131,8284,8284,0,80006,0,247,2131,398.35,227,NA,0,7,58,98,49,15,5624,-7.6539,-2.2886,2026-07-03T00:47:13+00:00
train,5,2,-1102.64,34926.885096603,314856.519332945,432.101121630,143319,141,8284,8284,0,151603,0,269,2262,310.34,259,NA,0,59,53,79,57,11,5000,-7.8201,-2.5518,2026-07-03T00:54:40+00:00
train,6,2,-1370.84,26086.621807667,307805.133401898,439.400472601,153699,136,8284,8284,0,161983,0,336,2348,293.22,336,NA,0,105,59,40,36,96,5949,-10.0797,-3.1198,2026-07-03T01:02:16+00:00
train,7,2,-1393.42,30745.770793515,297835.186056317,469.042892399,154254,140,8284,8284,0,162538,0,373,2282,262.73,348,NA,0,86,65,71,115,11,5533,-9.9530,-2.9708,2026-07-03T01:10:20+00:00
train,8,2,-1112.19,34614.037702964,313962.686924341,460.902213059,164014,134,8284,8284,0,172298,0,288,2302,210.06,286,NA,0,92,31,27,38,98,3349,-8.2999,-2.4131,2026-07-03T01:18:17+00:00
train,9,2,-1422.66,35773.356709059,301528.723461735,431.022970259,137585,140,8284,8284,0,145869,0,336,2375,334.45,328,NA,0,91,38,48,108,43,5573,-10.1619,-3.3007,2026-07-03T01:25:49+00:00
train,10,2,-1390.55,25550.654771483,297795.293749896,430.511451234,148648,137,8284,8284,0,156932,0,330,2321,324.30,329,NA,0,90,83,113,42,1,5605,-10.1500,-3.2300,2026-07-03T01:33:19+00:00
train,11,2,-1157.52,31066.938979092,324263.825457264,464.550009774,165674,138,8284,8284,0,173958,0,276,2295,247.74,267,NA,0,104,40,24,63,36,3450,-8.3878,-2.4917,2026-07-03T01:41:22+00:00
train,12,2,-1371.43,23889.131964240,303025.512031353,456.921183047,162487,141,8284,8284,0,170771,0,352,2314,306.10,342,NA,0,119,71,33,117,2,5623,-9.7265,-3.0015,2026-07-03T01:49:18+00:00
train,13,2,-1041.24,15867.072884014,351931.861592898,477.029105803,227346,133,8284,8284,0,235630,0,286,2290,258.02,270,NA,0,118,78,74,0,0,3100,-7.8289,-2.1828,2026-07-03T01:57:29+00:00
train,14,2,-1061.85,10692.476585044,527137.718994134,532.329218368,361172,141,8284,8284,0,369456,0,319,3177,239.51,298,NA,0,172,41,55,30,0,2530,-7.5309,-1.9947,2026-07-03T02:06:44+00:00
train,15,2,-1323.95,11964.456754516,417235.101661054,482.589092165,262251,141,8284,8284,0,270535,0,367,2735,304.55,344,NA,0,184,151,9,0,0,4286,-9.3897,-2.7434,2026-07-03T02:15:03+00:00
train,16,2,-1328.91,13854.658552159,343423.257107372,451.041969874,231003,156,8284,8284,0,239287,0,354,2336,267.57,345,NA,0,38,297,10,0,0,4124,-8.5187,-2.9463,2026-07-03T02:22:57+00:00
train,17,2,-976.27,15849.857773900,340662.449861916,506.240924542,214308,153,8284,8284,0,222592,0,310,2214,217.71,279,NA,0,1,262,12,4,0,3134,-6.3808,-1.9285,2026-07-03T02:31:49+00:00
train,18,2,-1042.40,15662.688331561,361012.488942049,512.655136483,211133,139,8284,8284,0,219417,0,307,2266,234.56,274,NA,0,50,210,9,4,1,3000,-7.4993,-2.0333,2026-07-03T02:40:47+00:00
train,19,2,-1347.66,15493.386250524,326613.820254250,442.372250115,212833,149,8284,8284,0,221117,0,349,2291,301.53,344,NA,0,24,183,14,43,80,5000,-9.0447,-3.0464,2026-07-03T02:48:34+00:00
train,20,2,-1342.03,13545.708676051,357682.728243899,488.986396522,226423,153,8284,8284,0,234707,0,378,2347,314.22,333,NA,0,145,180,8,0,0,4812,-8.7714,-2.7445,2026-07-03T02:57:13+00:00
train,21,2,-1153.77,10035.070016879,482585.291970466,596.907735646,333329,141,8284,8284,0,341613,0,358,3098,249.05,300,NA,0,228,65,6,1,0,3303,-8.1828,-1.9329,2026-07-03T03:07:40+00:00
train,22,2,-1158.14,13879.311223223,445926.338952342,531.075699939,264911,138,8284,8284,0,273195,0,328,3032,259.14,295,NA,0,198,75,11,8,3,3274,-8.3923,-2.1807,2026-07-03T03:17:06+00:00
train,23,2,-1366.74,16378.557782451,379275.651655558,482.044467280,249289,142,8284,8284,0,257573,0,388,2709,309.22,365,NA,0,136,114,13,72,30,4486,-9.6249,-2.8353,2026-07-03T03:25:36+00:00
train,24,2,-1069.68,10371.478154042,455055.152294181,482.479570821,297746,150,8284,8284,0,306030,0,305,2969,312.37,304,NA,0,99,91,5,21,88,3257,-7.1312,-2.2170,2026-07-03T03:34:06+00:00
train,25,2,-1114.01,11659.770652584,480665.343830732,599.387250535,288053,150,8284,8284,0,296337,0,365,3091,280.27,297,NA,0,138,131,10,6,12,3980,-7.4267,-1.8586,2026-07-03T03:44:36+00:00
train,26,2,-1329.67,25945.459971399,305548.494914376,473.872643950,160189,153,8284,8284,0,168473,0,366,2216,302.75,340,NA,0,173,141,18,8,0,5276,-8.6907,-2.8060,2026-07-03T03:53:02+00:00
train,27,2,-1380.95,16100.575426773,372738.878550217,508.972306687,260040,150,8284,8284,0,268324,0,391,2571,239.62,349,NA,0,182,149,13,5,0,4249,-9.2063,-2.7132,2026-07-03T04:02:02+00:00
train,28,2,-1026.14,15352.023109688,352946.864268122,449.185759296,204258,140,8284,8284,0,212542,0,276,2320,282.75,274,NA,0,69,154,6,4,41,3449,-7.3296,-2.2844,2026-07-03T04:09:59+00:00
train,29,2,-1285.78,15133.179122504,337693.420419101,470.336671424,213218,158,8284,8284,0,221502,0,369,2331,315.06,344,NA,0,114,220,9,1,0,5148,-8.1378,-2.7337,2026-07-03T04:18:22+00:00
train,30,2,-1003.24,15191.130272437,351573.905761210,509.093900351,226517,149,8284,8284,0,234801,0,299,2268,232.37,274,NA,0,181,89,4,0,0,3059,-6.7332,-1.9706,2026-07-03T04:27:27+00:00
train,31,2,-1068.31,16824.983375601,382357.141512959,518.186649358,238092,150,8284,8284,0,246376,0,309,2243,237.93,282,NA,0,149,129,4,0,0,3296,-7.1221,-2.0616,2026-07-03T04:36:41+00:00
train,32,2,-1353.01,14583.781988993,338394.310519287,460.640919980,229212,158,8284,8284,0,237496,0,360,2276,306.41,344,NA,0,189,151,4,0,0,4985,-8.5634,-2.9372,2026-07-03T04:45:03+00:00
train,33,2,-1386.39,11410.856526329,419846.914064653,467.126936803,288619,150,8284,8284,0,296903,0,362,2852,375.41,352,NA,0,227,122,3,0,0,4611,-9.2426,-2.9679,2026-07-03T04:53:27+00:00
train,34,2,-1066.67,10898.850089660,517714.844869715,550.600256386,373028,142,8284,8284,0,381312,0,331,3091,260.33,302,NA,0,257,43,2,0,0,2506,-7.5118,-1.9373,2026-07-03T05:03:08+00:00
train,35,2,-1376.23,10008.453647206,420635.492659642,497.761392152,292236,153,8284,8284,0,300520,0,398,2665,305.54,377,NA,0,300,74,3,0,0,4520,-8.9950,-2.7648,2026-07-03T05:12:00+00:00
train,36,2,-1058.33,10152.158316817,478044.732364793,498.930428288,364389,147,8284,8284,0,372673,0,314,2908,269.34,301,NA,0,282,17,2,0,0,2769,-7.1995,-2.1212,2026-07-03T05:20:54+00:00
train,37,2,-1114.55,11330.817620311,513008.742536457,568.569948429,320613,146,8284,8284,0,328897,0,332,3171,291.38,288,NA,0,231,56,1,0,0,3081,-7.6339,-1.9603,2026-07-03T05:30:57+00:00
train,38,2,-1352.64,10154.750659860,463135.175803355,501.962702961,352110,154,8284,8284,0,360394,0,401,2777,260.05,392,NA,0,336,55,1,0,0,3308,-8.7834,-2.6947,2026-07-03T05:39:54+00:00
train,39,2,-1367.44,11343.393339636,454648.125229197,495.464999144,326085,138,8284,8284,0,334369,0,392,3055,276.32,373,NA,0,261,108,4,0,0,4131,-9.9090,-2.7599,2026-07-03T05:49:01+00:00
train,40,2,-1016.00,10722.059450771,516656.437738945,588.438623654,294263,149,8284,8284,0,302547,0,322,3291,314.88,257,NA,0,186,58,9,3,1,3998,-6.8188,-1.7266,2026-07-03T05:59:37+00:00
train,41,2,-1331.32,9731.180848513,451664.902588549,548.752503310,330723,147,8284,8284,0,339007,0,439,2950,261.68,379,NA,0,305,73,1,0,0,4189,-9.0566,-2.4261,2026-07-03T06:09:22+00:00
train,42,2,-1351.58,10254.224664214,446951.132215968,492.091766494,289913,148,8284,8284,0,298197,0,387,2833,365.78,361,NA,0,200,23,133,4,1,5267,-9.1323,-2.7466,2026-07-03T06:18:13+00:00
train,43,2,-998.93,36515.580559124,289933.211431393,430.124689142,77732,132,8284,8284,0,86016,0,260,2230,396.88,258,NA,0,6,29,81,20,122,5308,-7.5677,-2.3224,2026-07-03T06:26:00+00:00
train,44,2,-1371.84,9581.535548687,438365.462363371,505.123281173,249147,153,8284,8284,0,257431,0,391,2879,461.48,348,NA,0,164,43,138,3,0,6649,-8.9663,-2.7159,2026-07-03T06:35:00+00:00
train,45,2,-1323.57,37848.320320317,249771.848011686,441.079298569,63284,159,8284,8284,0,71568,0,343,2205,430.24,319,NA,0,0,6,312,1,0,6106,-8.3243,-3.0008,2026-07-03T06:42:59+00:00
train,46,2,-955.84,40514.516241687,251264.224867994,445.122285024,62060,147,8284,8284,0,70344,0,252,2184,409.15,222,NA,0,8,2,208,4,0,4851,-6.5023,-2.1474,2026-07-03T06:51:01+00:00
train,47,2,-1312.46,9577.167552639,432627.848453377,453.015510039,238825,153,8284,8284,0,247109,0,351,2769,515.86,343,NA,0,215,11,113,4,0,5768,-8.5782,-2.8972,2026-07-03T06:59:11+00:00
train,48,2,-1308.98,10054.415517915,443509.740108634,468.052053902,255886,145,8284,8284,0,264170,0,351,3029,516.37,328,NA,0,117,37,167,5,2,6260,-9.0274,-2.7967,2026-07-03T07:07:35+00:00
train,49,2,-1069.83,19463.304399533,438362.878915966,462.896217153,173788,153,8284,8284,0,182072,0,277,3085,563.22,273,NA,0,92,33,71,26,51,5174,-6.9924,-2.3112,2026-07-03T07:15:52+00:00
train,50,2,-1372.68,27430.287629264,270711.089632650,425.543704039,88632,161,8284,8284,0,96916,0,328,2191,470.94,326,NA,0,1,58,120,21,126,6686,-8.5260,-3.2257,2026-07-03T07:23:25+00:00
test,51,2,-1072.46,10842.153879600,524685.707170008,456.355579546,321987,156,8627,8627,0,330614,0,248,3235,503.71,228,NA,0,131,62,23,8,4,4669,-6.8747,-2.3501,2026-07-03T07:31:07+00:00
test,52,2,-1230.59,11371.498039200,524260.669937081,478.388487399,246643,150,8627,8627,0,255270,0,286,3412,633.70,260,NA,0,184,13,63,0,0,5957,-8.2039,-2.5724,2026-07-03T07:39:11+00:00
test,53,2,-1484.53,9957.933479789,509546.117435460,405.172151929,361819,155,8627,8627,0,370446,0,314,3142,461.28,309,NA,0,209,29,58,12,1,6495,-9.5776,-3.6639,2026-07-03T07:46:02+00:00
test,54,2,-940.72,10938.519420717,513188.813607130,483.126509373,308309,154,8627,8627,0,316936,0,280,3356,466.01,240,NA,0,169,50,21,0,0,5232,-6.1086,-1.9472,2026-07-03T07:54:11+00:00
test,55,2,-1197.67,10057.986320538,582259.386925955,506.577896164,422504,157,8627,8627,0,431131,0,327,3338,316.20,310,NA,0,271,38,1,0,0,2919,-7.6285,-2.3642,2026-07-03T08:02:44+00:00
train,1,3,-1378.03,58600.357948727,257356.578705602,435.508225148,66286,108,8284,8284,0,74570,0,338,2488,431.56,320,NA,0,23,80,133,71,13,7393,-12.7595,-3.1642,2026-07-03T08:10:09+00:00
train,2,3,-1370.71,61129.086950340,253375.440368912,422.452375701,46188,122,8284,8284,0,54472,0,320,2375,532.01,310,NA,0,13,91,118,65,23,7976,-11.2353,-3.2446,2026-07-03T08:17:24+00:00
train,3,3,-1093.86,154381.994578271,217743.875065946,429.321929687,20995,114,8284,8284,0,29279,0,240,3004,633.00,238,NA,0,3,12,48,88,87,5799,-9.5953,-2.5479,2026-07-03T08:24:44+00:00
train,4,3,-1081.44,76732.785033510,237333.665393668,427.224679969,32424,118,8284,8284,0,40708,0,250,2464,469.27,245,NA,0,1,16,98,108,22,5278,-9.1647,-2.5313,2026-07-03T08:32:06+00:00
train,5,3,-1372.81,28445.210819870,338343.484950208,452.956336715,122398,130,8284,8284,0,130682,0,347,2496,429.23,334,NA,0,46,91,177,19,1,6747,-10.5601,-3.0308,2026-07-03T08:39:55+00:00
train,6,3,-1386.30,29667.050713745,369781.769282501,458.569378245,132031,136,8284,8284,0,140315,0,345,2674,548.69,333,NA,0,49,31,229,23,1,6742,-10.1934,-3.0231,2026-07-03T08:47:47+00:00
train,7,3,-1092.95,33956.748504525,293466.852348027,476.136330052,87257,118,8284,8284,0,95541,0,291,2356,368.60,270,NA,0,28,112,119,11,0,4812,-9.2623,-2.2955,2026-07-03T08:55:58+00:00
train,8,3,-1028.56,32080.761796037,288419.329800375,406.712103418,96240,128,8284,8284,0,104524,0,240,2281,362.25,238,NA,0,22,31,92,28,65,5270,-8.0356,-2.5290,2026-07-03T09:03:01+00:00
train,9,3,-1318.16,42731.085252169,256471.230851508,416.137193431,68345,130,8284,8284,0,76629,0,311,2209,448.47,310,NA,0,8,43,121,25,113,6298,-10.1397,-3.1676,2026-07-03T09:10:14+00:00
train,10,3,-1339.74,34551.511481682,274095.120756273,434.921141094,77904,133,8284,8284,0,86188,0,333,2337,427.48,326,NA,0,10,46,249,17,4,6549,-10.0732,-3.0804,2026-07-03T09:17:45+00:00
train,11,3,-960.90,39080.017799657,275221.903559436,432.179139969,94229,135,8284,8284,0,102513,0,246,2212,367.95,231,NA,0,3,80,95,47,6,4777,-7.1178,-2.2234,2026-07-03T09:25:18+00:00
train,12,3,-1317.34,30613.695484045,310512.093455655,486.281627641,179526,135,8284,8284,0,187810,0,371,2200,223.67,340,NA,0,69,176,65,25,5,4283,-9.7581,-2.7090,2026-07-03T09:33:44+00:00
train,13,3,-1336.85,37922.784602636,270462.402765490,461.159887243,92625,146,8284,8284,0,100909,0,345,2297,411.94,324,NA,0,15,153,73,74,9,6529,-9.1565,-2.8989,2026-07-03T09:41:44+00:00
train,14,3,-984.55,32382.649367558,289147.296214959,431.674670255,108905,137,8284,8284,0,117189,0,241,2284,357.47,232,NA,0,6,147,63,15,1,4485,-7.1865,-2.2808,2026-07-03T09:49:20+00:00
train,15,3,-964.65,42838.918899847,258794.775324800,453.852902142,71200,140,8284,8284,0,79484,0,252,2221,416.25,230,NA,0,6,85,116,21,2,5150,-6.8904,-2.1255,2026-07-03T09:57:16+00:00
train,16,3,-1283.90,14479.556883395,342472.170412002,455.641255927,225254,145,8284,8284,0,233538,0,338,2297,284.36,312,NA,0,40,207,25,38,2,4812,-8.8545,-2.8178,2026-07-03T10:05:13+00:00
train,17,3,-1333.25,14805.140270822,338372.649248050,508.707368501,211504,144,8284,8284,0,219788,0,386,2347,302.69,340,NA,0,28,232,68,12,0,5680,-9.2587,-2.6209,2026-07-03T10:14:06+00:00
train,18,3,-920.43,20291.527608589,323806.979357483,480.998686910,140763,135,8284,8284,0,149047,0,262,2352,347.55,225,NA,0,5,106,95,19,0,4394,-6.8180,-1.9136,2026-07-03T10:22:20+00:00
train,19,3,-966.21,39069.971737823,272527.089795475,480.416031873,80070,142,8284,8284,0,88354,0,265,2239,361.05,229,NA,0,10,62,70,86,1,4985,-6.8043,-2.0112,2026-07-03T10:30:46+00:00
train,20,3,-1232.00,31130.699584924,288975.650995054,417.131354967,120627,128,8284,8284,0,128911,0,309,2144,385.06,306,NA,0,31,97,100,76,2,6297,-9.6250,-2.9535,2026-07-03T10:38:12+00:00
train,21,3,-1291.83,31291.501350959,269857.915726444,417.606448475,112273,148,8284,8284,0,120557,0,315,2232,371.08,311,NA,0,7,129,124,35,16,6276,-8.7286,-3.0934,2026-07-03T10:45:36+00:00
train,22,3,-1019.03,36714.460657559,267457.450068203,447.002217850,114542,141,8284,8284,0,122826,0,258,2191,313.62,238,NA,0,21,164,38,13,2,4126,-7.2272,-2.2797,2026-07-03T10:53:29+00:00
train,23,3,-1115.77,30601.987170720,317129.199244483,470.057057629,161198,138,8284,8284,0,169482,0,298,2332,227.13,278,NA,0,59,115,57,47,0,3430,-8.0853,-2.3737,2026-07-03T11:01:54+00:00
train,24,3,-1391.07,11447.111755430,393491.844855778,512.201244963,236771,142,8284,8284,0,245055,0,402,2806,373.71,359,NA,0,125,147,75,8,4,6327,-9.7963,-2.7159,2026-07-03T11:10:52+00:00
train,25,3,-1095.70,9860.397371418,469506.286840791,499.122931836,282614,138,8284,8284,0,290898,0,296,3064,447.05,275,NA,0,94,81,95,5,0,5068,-7.9399,-2.1953,2026-07-03T11:19:40+00:00
train,26,3,-1117.99,10950.513288407,480049.275634623,489.041852767,295778,138,8284,8284,0,304062,0,299,3018,397.05,287,NA,0,107,84,89,7,0,4235,-8.1014,-2.2861,2026-07-03T11:28:19+00:00
train,27,3,-1449.75,12531.667841820,383882.156575389,460.970008639,177176,162,8284,8284,0,185460,0,367,2940,561.90,353,NA,0,70,71,87,96,29,7071,-8.9491,-3.1450,2026-07-03T11:36:33+00:00
train,28,3,-1345.91,12587.996256300,415488.392581436,469.891104695,247070,152,8284,8284,0,255354,0,367,2912,434.02,346,NA,0,98,208,35,5,0,6378,-8.8547,-2.8643,2026-07-03T11:44:59+00:00
train,29,3,-949.17,39335.903804712,269477.303329299,483.993666006,108597,143,8284,8284,0,116881,0,265,2137,281.75,232,NA,0,66,89,73,4,0,3749,-6.6376,-1.9611,2026-07-03T11:53:38+00:00
train,30,3,-1381.21,77456.823680253,263374.929916253,445.971020854,82271,144,8284,8284,0,90555,0,344,2591,507.93,339,NA,0,5,131,156,18,29,6184,-9.5917,-3.0971,2026-07-03T12:01:34+00:00
train,31,3,-1006.00,24798.740918697,291948.780133380,474.964241135,91563,145,8284,8284,0,99847,0,270,2156,421.60,243,NA,0,4,121,99,5,14,5570,-6.9379,-2.1181,2026-07-03T12:10:01+00:00
train,32,3,-1000.26,17704.122970761,345456.332090829,530.222718112,192564,148,8284,8284,0,200848,0,309,2345,229.06,264,NA,0,22,232,10,0,0,3150,-6.7585,-1.8865,2026-07-03T12:19:28+00:00
train,33,3,-1306.28,15188.963831144,319350.866093376,473.338027427,157040,160,8284,8284,0,165324,0,356,2331,454.61,323,NA,0,10,210,100,3,0,6323,-8.1642,-2.7597,2026-07-03T12:27:57+00:00
train,34,3,-1349.10,14403.690954953,323131.410573882,475.944502398,152278,154,8284,8284,0,160562,0,364,2353,479.27,331,NA,0,51,197,82,1,0,6737,-8.7604,-2.8346,2026-07-03T12:36:31+00:00
train,35,3,-1021.76,14600.466804630,330744.601592262,448.252658649,127414,156,8284,8284,0,135698,0,261,2335,524.75,245,NA,0,22,160,24,19,20,5693,-6.5497,-2.2794,2026-07-03T12:44:39+00:00
train,36,3,-1097.87,14276.856087016,396864.400639229,504.351650529,179706,146,8284,8284,0,187990,0,305,2755,465.37,274,NA,0,85,102,87,0,0,5280,-7.5197,-2.1768,2026-07-03T12:53:41+00:00
train,37,3,-1391.85,18761.274931862,323812.763012314,496.936101780,131923,155,8284,8284,0,140207,0,386,2395,483.59,346,NA,0,125,121,100,0,0,6811,-8.9797,-2.8009,2026-07-03T13:02:30+00:00
train,38,3,-1019.24,12708.973154243,452507.736187144,502.041008383,247913,155,8284,8284,0,256197,0,291,3068,462.99,277,NA,0,191,26,44,9,7,5148,-6.5757,-2.0302,2026-07-03T13:11:28+00:00
train,39,3,-990.81,77751.618131139,270255.932058221,501.718305262,40926,109,8284,8284,0,49210,0,276,2572,446.37,230,NA,0,33,38,75,84,0,5220,-9.0900,-1.9748,2026-07-03T13:20:28+00:00
train,40,3,-1391.31,9771.181904254,459138.690110569,489.388604032,332265,155,8284,8284,0,340549,0,373,2864,372.31,352,NA,0,274,37,41,0,0,5175,-8.9762,-2.8430,2026-07-03T13:29:12+00:00
train,41,3,-1175.95,9602.875127623,493782.332392731,529.432459038,361063,148,8284,8284,0,369347,0,326,3195,331.61,296,NA,0,191,90,15,0,0,3630,-7.9456,-2.2212,2026-07-03T13:38:57+00:00
train,42,3,-1060.57,11903.386058635,458718.583660660,551.971053207,191905,143,8284,8284,0,200189,0,321,3100,467.16,268,NA,0,107,83,77,1,0,5575,-7.4166,-1.9214,2026-07-03T13:48:47+00:00
train,43,3,-1460.26,9352.511795427,440991.358375156,480.197711426,267687,159,8284,8284,0,275971,0,386,2739,475.88,364,NA,0,246,65,52,1,0,5547,-9.1840,-3.0410,2026-07-03T13:57:24+00:00
train,44,3,-970.04,10007.971286833,513703.568230990,525.312868225,394309,142,8284,8284,0,402593,0,295,3023,339.59,273,NA,0,262,10,1,0,0,3056,-6.8313,-1.8466,2026-07-03T14:06:42+00:00
train,45,3,-1125.22,10709.288200832,555931.763728733,543.719847990,359256,154,8284,8284,0,367540,0,313,3347,311.49,288,NA,0,204,62,16,6,0,3125,-7.3066,-2.0695,2026-07-03T14:16:24+00:00
train,46,3,-1311.14,10947.368830089,411048.451708371,498.952657385,265246,156,8284,8284,0,273530,0,379,2823,354.08,332,NA,0,112,146,30,44,0,5931,-8.4047,-2.6278,2026-07-03T14:25:16+00:00
train,47,3,-1335.70,9500.373405946,462656.003184573,517.079251972,261204,148,8284,8284,0,269488,0,390,3068,517.86,348,NA,0,229,19,16,84,0,6229,-9.0250,-2.5832,2026-07-03T14:34:30+00:00
train,48,3,-1086.73,14967.852279991,423938.934287237,502.528362045,254590,142,8284,8284,0,262874,0,299,2546,363.87,271,NA,0,148,79,11,33,0,4375,-7.6530,-2.1625,2026-07-03T14:43:24+00:00
train,49,3,-1371.46,9296.700113181,440338.919412050,505.180593453,205444,150,8284,8284,0,213728,0,376,2843,594.83,339,NA,0,211,22,16,83,7,6686,-9.1431,-2.7148,2026-07-03T14:52:22+00:00
train,50,3,-1356.55,10492.705490637,431169.563209776,527.999913367,298002,157,8284,8284,0,306286,0,403,2881,318.70,355,NA,0,247,103,5,0,0,4730,-8.6404,-2.5692,2026-07-03T15:01:45+00:00
test,51,3,-1148.08,10821.717127048,575741.358479068,484.268259005,416355,159,8627,8627,0,424982,0,282,3315,347.22,261,NA,0,247,13,1,0,0,3011,-7.2206,-2.3708,2026-07-03T15:09:55+00:00
test,52,3,-961.74,11361.666084921,598307.491842528,480.711289754,405508,156,8627,8627,0,414135,0,296,3559,378.73,278,NA,0,273,4,1,0,0,3046,-6.1650,-2.0007,2026-07-03T15:18:02+00:00
test,53,3,-1228.95,10060.920676385,542717.123775904,471.839793397,418204,168,8627,8627,0,426831,0,360,2827,305.02,347,NA,0,345,1,1,0,0,3331,-7.3152,-2.6046,2026-07-03T15:25:59+00:00
test,54,3,-1250.26,10774.503767421,587979.216012989,502.507632788,431465,148,8627,8627,0,440092,0,296,3422,331.96,269,NA,0,267,1,1,0,0,2769,-8.4477,-2.4880,2026-07-03T15:34:27+00:00
test,55,3,-986.10,13030.141833926,611991.340279884,726.030083624,402388,129,8627,8627,0,411015,0,453,3392,251.70,339,NA,0,337,1,1,0,0,2479,-7.6442,-1.3582,2026-07-03T15:46:39+00:00