phase,episode,seed,return,acc_task_latency_s,acc_task_runtime_s,makespan_s,preempt,place_batches,place_tasks,place_dqn_actions,place_direct,dispatched_tasks,ring_full,slow_ticks,qlen_peak,qlen_mean,slice_dqn_updates,slice_rtc_ticks,slice_other_updates,slice_ms_8,slice_ms_32,slice_ms_174,slice_ms_390,slice_ms_1633,rebalance_moves,timestamp
train,1,0,-237.47,249433.742588662,146348.033262267,334.282686799,8527,107,8284,8284,0,16811,0,155,3431,1034.21,126,29,12,0,3,27,49,35,5751,2026-06-29T09:32:09+00:00
train,2,0,-203.15,269316.371644314,144948.356973488,328.429377360,5822,114,8284,8284,0,14106,0,148,3427,1172.49,125,23,23,0,3,17,38,44,5838,2026-06-29T09:37:48+00:00
train,3,0,-297.46,135501.017703212,149301.648633580,346.416628145,10655,130,8284,8284,0,18939,0,203,2591,809.67,177,26,16,0,4,27,79,51,7292,2026-06-29T09:43:49+00:00
train,4,0,-305.61,156907.235818242,163930.670808634,335.972516943,15439,130,8284,8284,0,23723,0,181,2625,1016.20,155,26,11,0,10,43,58,33,6819,2026-06-29T09:49:36+00:00
train,5,0,-215.22,200781.034060685,148044.448085980,321.769414220,7540,126,8284,8284,0,15824,0,143,3080,1048.02,127,15,42,0,1,9,36,39,5911,2026-06-29T09:55:11+00:00
train,6,0,-268.42,147232.248375625,173719.963553863,332.144369688,13672,127,8284,8284,0,21956,0,147,2366,891.66,128,19,21,0,4,34,36,33,5423,2026-06-29T10:00:54+00:00
train,7,0,-199.74,250829.408688931,147810.046851012,328.926673347,4911,126,8284,8284,0,13195,0,196,3040,1215.82,174,22,70,0,1,12,34,57,8298,2026-06-29T10:06:36+00:00
train,8,0,-99.30,440598.728820891,59004.353038790,333.693867159,1158,138,8284,8284,0,9442,0,198,3969,1525.78,170,28,94,0,0,1,19,56,8200,2026-06-29T10:12:25+00:00
train,9,0,-106.35,444204.307070960,83575.385301223,322.466182952,1630,134,8284,8284,0,9914,0,144,4082,1673.72,128,16,83,0,0,2,10,33,6227,2026-06-29T10:18:04+00:00
train,10,0,-105.72,476870.760047661,59771.316423860,314.419243933,1477,130,8284,8284,0,9761,0,178,4089,1616.29,162,16,89,0,0,4,26,43,7726,2026-06-29T10:23:32+00:00
train,11,0,-177.90,363845.174781199,93599.381639580,334.724893824,6727,142,8284,8284,0,15011,0,192,3695,1436.91,175,17,105,0,1,15,16,38,8260,2026-06-29T10:29:21+00:00
train,12,0,-173.61,397267.759646166,92010.647003050,320.201239603,6627,140,8284,8284,0,14911,0,191,3906,1540.84,175,16,104,0,1,16,17,37,8164,2026-06-29T10:34:59+00:00
train,13,0,-184.97,411357.864774979,93783.967955487,331.742721111,10356,126,8284,8284,0,18640,0,145,3833,1449.48,125,20,51,0,10,24,17,23,5988,2026-06-29T10:40:49+00:00
train,14,0,-149.41,384161.952043085,90336.800875106,352.695619036,5534,124,8284,8284,0,13818,0,140,3871,1303.54,116,24,46,0,13,18,17,22,5474,2026-06-29T10:46:57+00:00
train,15,0,-376.57,29599.062504808,208374.744821312,339.360817634,40768,155,8284,8284,0,49052,0,167,1832,702.40,145,22,55,0,27,37,16,10,6346,2026-06-29T10:52:53+00:00
train,16,0,-79.37,525013.878214513,40881.181103040,325.964929144,1489,129,8284,8284,0,9773,0,149,4201,1837.96,137,12,101,0,0,1,13,22,6747,2026-06-29T10:58:38+00:00
train,17,0,-172.13,273043.377422474,136564.113364135,334.417692197,6195,129,8284,8284,0,14479,0,133,3165,1224.03,118,15,63,0,6,6,19,24,5507,2026-06-29T11:04:27+00:00
train,18,0,-172.98,351371.349689562,101374.046279916,324.106677747,7061,128,8284,8284,0,15345,0,182,3520,1404.73,162,20,85,0,1,9,42,25,7601,2026-06-29T11:10:08+00:00
train,19,0,-105.97,467220.643006198,55736.671791508,343.882391334,2488,131,8284,8284,0,10772,0,161,3885,1593.02,142,19,85,0,4,3,25,25,6835,2026-06-29T11:16:14+00:00
train,20,0,-80.41,535577.853771212,49354.964132593,346.377456902,1355,125,8284,8284,0,9639,0,122,4171,1767.23,111,11,74,0,9,2,12,14,5372,2026-06-29T11:22:15+00:00
train,21,0,-52.72,580338.616372539,23834.101516047,327.293074718,325,136,8284,8284,0,8609,0,142,4183,1770.44,126,16,101,0,0,0,4,21,6079,2026-06-29T11:28:01+00:00
train,22,0,-40.17,615081.648590893,20542.030758018,336.623103626,232,117,8284,8284,0,8516,0,113,4352,1818.71,101,12,79,0,3,3,4,12,4862,2026-06-29T11:34:01+00:00
train,23,0,-64.56,557259.271257206,36666.155639604,366.260605411,563,131,8284,8284,0,8847,0,208,4427,1728.45,169,38,143,0,0,0,4,22,8210,2026-06-29T11:40:27+00:00
train,24,0,-33.04,610146.482466501,14717.976956415,357.710700872,113,128,8284,8284,0,8397,0,88,4354,1686.65,73,15,62,0,0,1,6,4,3599,2026-06-29T11:46:44+00:00
train,25,0,-66.18,574265.875879882,26392.597321703,321.787514137,635,130,8284,8284,0,8919,0,131,4219,1735.25,117,13,82,0,11,4,5,15,5756,2026-06-29T11:52:22+00:00
train,26,0,-45.01,576686.134863108,18788.912688364,333.682090555,224,130,8284,8284,0,8508,0,137,4210,1816.39,124,13,111,0,0,0,1,12,6046,2026-06-29T11:58:20+00:00
train,27,0,-66.23,565925.359803467,31960.711680110,334.422492235,595,133,8284,8284,0,8879,0,188,4321,1816.32,166,22,112,0,8,7,12,27,8031,2026-06-29T12:04:20+00:00
train,28,0,-32.02,621071.736754067,16565.761509818,347.432188004,149,118,8284,8284,0,8433,0,89,4284,1765.06,78,11,56,0,8,2,4,8,3756,2026-06-29T12:10:26+00:00
train,29,0,-94.60,521593.212472057,56668.950907642,351.819179144,1398,125,8284,8284,0,9682,0,148,4435,1708.01,125,23,85,0,6,2,10,22,6055,2026-06-29T12:16:40+00:00
train,30,0,-42.34,600527.006912153,20886.796484660,322.963730439,227,123,8284,8284,0,8511,0,147,4484,1873.93,129,18,115,0,0,0,2,12,6253,2026-06-29T12:22:22+00:00
train,31,0,-46.12,603040.317629208,20058.449074835,330.028918832,232,133,8284,8284,0,8516,0,138,4445,1752.18,126,12,88,0,16,5,7,10,6155,2026-06-29T12:28:15+00:00
train,32,0,-37.88,621196.656967492,19896.619221529,331.374999723,274,122,8284,8284,0,8558,0,119,4477,2127.01,109,10,102,0,0,0,1,6,5319,2026-06-29T12:34:13+00:00
train,33,0,-39.59,627204.262397560,21507.860793858,332.784756702,285,119,8284,8284,0,8569,0,102,4390,2018.73,92,10,86,0,0,0,1,5,4478,2026-06-29T12:40:06+00:00
train,34,0,-39.44,612846.667247623,18327.671232621,327.846189026,217,120,8284,8284,0,8501,0,133,4421,1879.46,123,10,111,0,0,0,1,11,5969,2026-06-29T12:45:55+00:00
train,35,0,-39.92,601166.661896597,17912.349070347,369.887897941,264,127,8284,8284,0,8548,0,115,4218,1695.13,94,21,88,0,0,0,1,5,4627,2026-06-29T12:52:27+00:00
train,36,0,-40.79,595795.113305896,18552.544274788,333.118345838,228,114,8284,8284,0,8512,0,134,4475,1930.91,122,11,107,0,0,0,2,13,5921,2026-06-29T12:58:22+00:00
train,37,0,-51.10,609582.040404372,20086.640911393,317.002066111,387,131,8284,8284,0,8671,0,126,4481,1704.61,112,14,85,0,4,4,8,11,5436,2026-06-29T13:04:06+00:00
train,38,0,-42.38,559818.317660181,25003.652389464,335.535384255,280,96,8284,8284,0,8564,0,125,4176,1822.51,112,13,107,0,0,0,1,4,5390,2026-06-29T13:10:05+00:00
train,39,0,-43.08,605953.041842108,18255.196386750,334.164566746,284,120,8284,8284,0,8568,0,140,4444,1834.51,126,14,115,0,0,0,3,8,6077,2026-06-29T13:16:05+00:00
train,40,0,-43.03,612243.767918588,18883.343224255,342.205924266,296,124,8284,8284,0,8580,0,110,4699,1888.64,97,13,88,0,0,0,2,7,4791,2026-06-29T13:22:14+00:00
train,41,0,-36.12,642052.455693665,16381.574705343,332.680080143,284,103,8284,8284,0,8568,0,99,4515,1712.66,87,12,83,0,0,0,1,3,4223,2026-06-29T13:28:11+00:00
train,42,0,-55.08,558821.338377419,38511.001072469,325.346539217,464,132,8284,8284,0,8748,0,141,4303,1972.77,128,13,115,0,0,0,2,11,6305,2026-06-29T13:34:03+00:00
train,43,0,-41.15,611993.422723365,21033.062553691,328.963768530,219,131,8284,8284,0,8503,0,105,4255,1883.05,93,12,82,0,0,0,3,8,4544,2026-06-29T13:40:01+00:00
train,44,0,-48.13,596231.318372030,24977.378421886,328.524548884,431,123,8284,8284,0,8715,0,127,4446,1864.99,113,14,96,0,0,0,2,15,5503,2026-06-29T13:45:54+00:00
train,45,0,-48.68,584109.525602858,34826.354056541,328.908721025,333,124,8284,8284,0,8617,0,123,4220,2002.50,113,10,103,0,0,0,2,8,5510,2026-06-29T13:51:45+00:00
train,46,0,-37.88,623170.728487490,18720.472848232,340.535487689,186,128,8284,8284,0,8470,0,127,4450,1947.50,110,17,102,0,0,0,1,7,5393,2026-06-29T13:57:50+00:00
train,47,0,-78.93,557246.102787045,35485.724527342,325.315454432,942,127,8284,8284,0,9226,0,141,4270,1766.96,124,17,76,0,14,8,11,15,5989,2026-06-29T14:03:40+00:00
train,48,0,-52.77,614619.587017450,21637.135491933,342.592488992,477,121,8284,8284,0,8761,0,146,4422,1706.19,120,26,75,0,26,4,4,11,5866,2026-06-29T14:09:49+00:00
train,49,0,-48.79,572149.509201113,31402.739930993,318.029582857,386,124,8284,8284,0,8670,0,139,4372,2062.12,131,8,113,0,4,2,4,8,6417,2026-06-29T14:15:36+00:00
train,50,0,-42.98,598707.157800191,21561.212748451,321.060935629,246,127,8284,8284,0,8530,0,116,4396,1912.05,105,11,99,0,0,0,1,5,5102,2026-06-29T14:21:31+00:00
test,51,0,-31.10,612869.890195312,14273.282062909,296.912067883,159,122,8627,8627,0,8786,0,77,4469,2013.87,70,7,67,0,0,0,1,2,3433,2026-06-29T14:26:35+00:00
test,52,0,-31.69,582895.119508111,14566.867036123,300.850188398,186,111,8627,8627,0,8813,0,95,4376,1739.75,85,10,75,0,0,1,3,6,4082,2026-06-29T14:31:40+00:00
test,53,0,-28.57,588673.643024342,13348.091735680,296.109156326,59,141,8627,8627,0,8686,0,107,4398,2022.35,99,7,83,0,3,4,5,4,4911,2026-06-29T14:36:43+00:00
test,54,0,-31.45,594950.677153485,14798.447124562,294.788292947,163,121,8627,8627,0,8790,0,80,4421,2035.16,74,6,64,0,0,0,5,5,3585,2026-06-29T14:41:43+00:00
test,55,0,-32.13,596308.576902607,13941.118910338,284.947723578,155,117,8627,8627,0,8782,0,84,4342,1948.81,79,5,66,0,2,4,4,3,3846,2026-06-29T14:46:33+00:00
train,1,1,-314.52,102878.019956362,180006.565161417,368.951196258,12172,118,8284,8284,0,20456,0,203,2212,833.46,168,35,9,0,2,43,72,42,7342,2026-06-29T15:01:07+00:00
train,2,1,-269.22,231347.561547477,153747.256539429,331.352104575,7892,124,8284,8284,0,16176,0,203,3339,1175.47,174,28,14,0,5,32,57,66,7726,2026-06-29T15:06:50+00:00
train,3,1,-213.39,280708.073476786,136692.753607803,332.193898542,5876,119,8284,8284,0,14160,0,148,3366,1173.54,119,29,11,0,3,19,43,43,5706,2026-06-29T15:12:35+00:00
train,4,1,-279.95,139968.763413243,161278.625414119,331.636612841,17987,128,8284,8284,0,26271,0,142,2556,747.25,121,21,13,0,17,20,37,34,5281,2026-06-29T15:18:19+00:00
train,5,1,-214.23,173826.877320668,185510.727860465,349.649125547,7384,123,8284,8284,0,15668,0,149,2930,967.27,122,26,20,0,8,17,36,41,5635,2026-06-29T15:24:19+00:00
train,6,1,-261.98,156018.161504364,142540.711920447,340.402058975,8147,135,8284,8284,0,16431,0,198,2727,857.26,168,29,24,0,7,22,40,75,6992,2026-06-29T15:30:15+00:00
train,7,1,-233.91,216288.968601243,143291.936744886,327.709143099,7585,127,8284,8284,0,15869,0,184,3305,1074.71,165,19,42,0,13,18,28,64,6813,2026-06-29T15:35:55+00:00
train,8,1,-174.65,236867.759105012,122112.107570440,323.248145522,3852,128,8284,8284,0,12136,0,142,3102,1024.73,124,18,43,0,0,4,21,56,5466,2026-06-29T15:41:31+00:00
train,9,1,-238.78,180370.889946731,170519.814321494,335.726991741,9004,132,8284,8284,0,17288,0,145,2700,984.46,125,20,24,0,2,21,28,50,5268,2026-06-29T15:47:21+00:00
train,10,1,-227.34,251188.964086221,139156.697925068,340.965988847,6513,126,8284,8284,0,14797,0,189,3440,1145.34,162,27,38,0,9,20,37,58,7020,2026-06-29T15:53:15+00:00
train,11,1,-357.10,52438.531022494,174867.763554885,331.829916759,27939,143,8284,8284,0,36223,0,193,1830,666.11,172,21,24,0,21,17,41,69,6111,2026-06-29T15:59:04+00:00
train,12,1,-365.41,59821.963647491,171147.272530387,332.197563755,28546,140,8284,8284,0,36830,0,140,2133,649.08,124,16,7,0,14,47,28,28,4918,2026-06-29T16:04:52+00:00
train,13,1,-344.15,92026.297731742,171945.373235320,351.226200750,21633,149,8284,8284,0,29917,0,192,2469,729.31,165,27,35,0,15,31,25,59,6863,2026-06-29T16:11:00+00:00
train,14,1,-235.21,147343.599459423,131843.707909297,343.745992371,6991,135,8284,8284,0,15275,0,190,2516,788.58,162,28,39,0,0,5,54,64,6165,2026-06-29T16:17:01+00:00
train,15,1,-243.35,261111.151265304,135499.408774165,339.319298014,9848,135,8284,8284,0,18132,0,136,3284,1054.10,110,26,12,0,17,15,35,31,4868,2026-06-29T16:22:57+00:00
train,16,1,-259.11,152331.698211824,142440.832157478,358.462261886,13158,138,8284,8284,0,21442,0,140,2717,797.86,112,28,6,0,8,9,26,63,4520,2026-06-29T16:29:15+00:00
train,17,1,-322.69,77423.487664785,153659.720895222,336.898031016,14116,145,8284,8284,0,22400,0,168,1988,694.93,150,18,27,0,0,4,86,33,5883,2026-06-29T16:35:09+00:00
train,18,1,-171.14,251558.230793956,115472.953070312,319.070508560,3665,139,8284,8284,0,11949,0,139,3148,1064.51,121,18,43,0,0,0,29,49,5431,2026-06-29T16:40:45+00:00
train,19,1,-156.17,235295.137119032,113218.968395992,360.052130215,3699,121,8284,8284,0,11983,0,140,3051,925.70,114,26,41,0,0,1,14,58,4785,2026-06-29T16:47:02+00:00
train,20,1,-162.26,267638.067196774,116215.115746084,332.233418818,3505,122,8284,8284,0,11789,0,174,3233,1237.81,155,19,56,0,2,3,10,84,6266,2026-06-29T16:52:53+00:00
train,21,1,-229.89,208818.441130490,158757.571904163,346.256714062,8139,132,8284,8284,0,16423,0,175,3067,1195.07,151,24,37,0,1,25,16,72,6474,2026-06-29T16:59:03+00:00
train,22,1,-174.35,192300.029232254,107781.315804641,342.344624436,3894,132,8284,8284,0,12178,0,170,2698,983.62,150,20,43,0,0,0,15,92,6120,2026-06-29T17:05:02+00:00
train,23,1,-134.41,264424.417145168,106166.302035999,345.020360358,2604,120,8284,8284,0,10888,0,134,3178,1074.31,114,20,45,0,0,0,5,64,5114,2026-06-29T17:11:11+00:00
train,24,1,-133.02,288791.152879329,108684.408399105,312.882524974,2747,129,8284,8284,0,11031,0,128,3225,1287.12,116,12,49,0,0,0,6,61,5129,2026-06-29T17:16:44+00:00
train,25,1,-130.77,323694.380409762,103302.869049861,355.864121550,2190,125,8284,8284,0,10474,0,190,3551,1273.51,155,35,69,0,0,0,6,80,6628,2026-06-29T17:23:03+00:00
train,26,1,-113.01,438924.756329525,69652.916261801,370.263519745,1727,125,8284,8284,0,10011,0,186,4277,1608.71,160,26,57,0,0,0,7,96,7457,2026-06-29T17:29:37+00:00
train,27,1,-144.25,261665.586932023,109964.775982974,320.409778864,2699,131,8284,8284,0,10983,0,159,3226,1300.00,148,11,61,0,0,0,5,82,6520,2026-06-29T17:35:19+00:00
train,28,1,-131.69,278118.987905344,104548.372338427,333.526053995,2614,124,8284,8284,0,10898,0,122,3242,1298.24,107,15,39,0,0,0,3,65,4988,2026-06-29T17:41:13+00:00
train,29,1,-125.68,331213.779662343,93911.904124133,366.234568831,2216,136,8284,8284,0,10500,0,185,3549,1326.52,160,25,72,0,0,0,4,84,6907,2026-06-29T17:47:42+00:00
train,30,1,-127.90,354367.908865964,90796.223550097,317.640038751,2210,129,8284,8284,0,10494,0,174,3810,1489.75,160,14,65,0,0,0,3,92,6973,2026-06-29T17:53:22+00:00
train,31,1,-130.44,306636.154711409,97975.307023517,321.587447102,2665,120,8284,8284,0,10949,0,120,3525,1276.83,108,12,40,0,0,0,4,64,4835,2026-06-29T17:59:04+00:00
train,32,1,-130.72,288531.285284786,104863.710879364,356.110768954,2665,121,8284,8284,0,10949,0,133,3206,1159.19,112,21,43,0,0,0,5,64,5126,2026-06-29T18:05:26+00:00
train,33,1,-132.72,315223.028638516,107365.047243176,365.336273456,2368,136,8284,8284,0,10652,0,175,3561,1312.35,153,22,74,0,0,0,6,73,6749,2026-06-29T18:11:53+00:00
train,34,1,-117.24,355776.783453304,87108.492072099,341.976357249,1968,127,8284,8284,0,10252,0,168,3695,1501.54,150,18,66,0,0,0,3,81,6704,2026-06-29T18:17:59+00:00
train,35,1,-106.59,429293.519033079,70573.726130234,321.964710983,1867,125,8284,8284,0,10151,0,129,4154,1551.92,115,14,48,0,0,1,4,62,5390,2026-06-29T18:23:47+00:00
train,36,1,-110.94,405810.802500147,71833.706790773,334.706410693,1663,130,8284,8284,0,9947,0,184,4047,1591.49,165,19,71,0,0,0,4,90,7572,2026-06-29T18:29:46+00:00
train,37,1,-112.91,371237.360021240,86845.660683425,347.261807552,1844,136,8284,8284,0,10128,0,170,3877,1547.55,149,21,68,0,0,0,3,78,6871,2026-06-29T18:35:59+00:00
train,38,1,-109.72,352680.241020771,87836.745332506,335.218298738,1986,116,8284,8284,0,10270,0,134,3671,1327.44,113,21,51,0,0,1,3,58,5205,2026-06-29T18:41:57+00:00
train,39,1,-108.51,384307.960152818,80894.869039569,332.958156826,1871,111,8284,8284,0,10155,0,128,3873,1475.11,111,17,48,0,0,0,1,62,5184,2026-06-29T18:47:53+00:00
train,40,1,-114.60,392776.464711091,79771.584742991,335.356686875,1759,126,8284,8284,0,10043,0,170,4104,1648.69,155,15,64,0,0,0,2,89,7103,2026-06-29T18:53:57+00:00
train,41,1,-119.39,392637.608330690,80491.748698407,325.777710432,1892,131,8284,8284,0,10176,0,173,4011,1637.83,159,14,65,0,0,0,6,88,7258,2026-06-29T18:59:45+00:00
train,42,1,-136.25,304823.306696086,109109.110248939,346.637891357,3093,134,8284,8284,0,11377,0,124,3438,1216.30,103,21,44,0,0,1,5,53,4492,2026-06-29T19:05:55+00:00
train,43,1,-104.86,391298.188925693,84227.122459550,343.216003860,1829,131,8284,8284,0,10113,0,131,3890,1449.70,110,21,54,0,0,0,4,52,5161,2026-06-29T19:12:05+00:00
train,44,1,-116.86,376796.581717965,82646.129301308,329.282841540,1859,123,8284,8284,0,10143,0,167,3863,1512.57,150,17,68,0,0,0,1,81,6852,2026-06-29T19:18:02+00:00
train,45,1,-106.83,389804.221628441,79383.805169903,343.268021780,1846,118,8284,8284,0,10130,0,130,3960,1354.92,106,24,51,0,0,0,2,53,4914,2026-06-29T19:24:14+00:00
train,46,1,-110.51,366781.172432034,94368.937720252,358.683546217,2198,117,8284,8284,0,10482,0,130,3931,1414.70,108,22,48,0,0,0,3,57,4976,2026-06-29T19:30:42+00:00
train,47,1,-124.48,375104.847490518,94162.867862583,358.131142426,2167,129,8284,8284,0,10451,0,170,4035,1579.12,150,20,56,0,0,0,7,87,6881,2026-06-29T19:37:11+00:00
train,48,1,-116.50,340498.799968879,93593.395150229,365.282085347,2185,134,8284,8284,0,10469,0,147,3609,1133.01,109,38,50,0,0,0,2,57,5020,2026-06-29T19:43:45+00:00
train,49,1,-100.53,430603.738468637,78394.082533320,333.007187537,1916,120,8284,8284,0,10200,0,132,4295,1620.41,117,15,53,0,0,0,5,59,5441,2026-06-29T19:49:45+00:00
train,50,1,-118.33,332625.746090542,92894.181502545,329.709181665,1988,121,8284,8284,0,10272,0,172,3526,1401.47,157,15,79,0,0,0,2,76,6954,2026-06-29T19:56:03+00:00
test,51,1,-146.80,263394.120962584,107257.179054232,279.557847237,2932,136,8627,8627,0,11559,0,152,3023,1405.06,145,7,41,0,0,0,1,103,5941,2026-06-29T20:00:47+00:00
test,52,1,-133.99,270754.480038167,105474.492889116,309.343462581,2906,123,8627,8627,0,11533,0,123,2978,1152.71,108,15,37,0,0,0,4,67,4608,2026-06-29T20:06:04+00:00
test,53,1,-131.82,272698.590992470,107011.991039202,287.932259719,2901,118,8627,8627,0,11528,0,111,3074,1261.68,102,9,36,0,0,0,2,64,4390,2026-06-29T20:10:57+00:00
test,54,1,-144.38,259872.363753805,107223.199839986,280.334816965,2918,129,8627,8627,0,11545,0,155,3050,1330.77,149,6,51,0,0,0,1,97,5909,2026-06-29T20:15:43+00:00
test,55,1,-143.34,254435.793726769,108845.682310164,296.475187636,2960,129,8627,8627,0,11587,0,115,3026,1138.78,104,11,39,0,0,0,1,64,4346,2026-06-29T20:20:45+00:00
train,1,2,-280.55,123232.275335348,182823.208920366,332.238634421,13929,118,8284,8284,0,22213,0,158,2472,801.47,133,25,15,0,9,33,44,32,5857,2026-06-29T20:26:28+00:00
train,2,2,-190.95,274625.648837825,125651.196063621,389.417142357,5257,96,8284,8284,0,13541,0,161,3345,1061.75,123,38,21,0,1,10,42,49,5711,2026-06-29T20:33:09+00:00
train,3,2,-265.56,187785.221056356,184004.200539396,320.479206938,10389,128,8284,8284,0,18673,0,200,2938,1151.83,183,17,43,0,8,33,52,47,8390,2026-06-29T20:38:41+00:00
train,4,2,-259.92,194503.634649723,176726.703731302,350.218670745,10021,134,8284,8284,0,18305,0,168,2831,989.90,131,37,24,0,7,28,40,32,6198,2026-06-29T20:44:46+00:00
train,5,2,-217.68,198232.605768092,143607.975971705,348.690559323,7432,121,8284,8284,0,15716,0,155,2891,943.51,129,26,28,0,0,14,45,42,5904,2026-06-29T20:50:45+00:00
train,6,2,-151.87,349564.784926668,110487.337418408,328.235226084,2930,129,8284,8284,0,11214,0,192,3498,1439.27,169,23,70,0,0,8,32,59,8190,2026-06-29T20:56:29+00:00
train,7,2,-205.45,238649.243144233,125366.606759281,336.248876558,6548,136,8284,8284,0,14832,0,197,3076,1105.31,172,25,58,0,0,11,51,52,7761,2026-06-29T21:02:17+00:00
train,8,2,-193.70,247673.682287204,129240.194927282,373.636254068,6173,145,8284,8284,0,14457,0,167,3086,1026.77,137,30,48,0,0,10,29,50,6361,2026-06-29T21:08:41+00:00
train,9,2,-176.29,297127.802807401,110012.256486614,335.302193381,4704,135,8284,8284,0,12988,0,202,3277,1244.45,176,26,71,0,0,7,25,73,8014,2026-06-29T21:14:29+00:00
train,10,2,-233.76,220716.049273184,157668.156681198,333.862367390,13792,135,8284,8284,0,22076,0,175,2711,1007.91,156,19,28,0,2,35,29,62,7424,2026-06-29T21:20:19+00:00
train,11,2,-215.74,232030.975739817,125608.221731271,320.678779623,11983,140,8284,8284,0,20267,0,142,3021,1025.56,124,17,53,0,2,20,11,38,5748,2026-06-29T21:25:55+00:00
train,12,2,-115.74,360833.925459468,79396.044830762,357.849722118,2090,104,8284,8284,0,10374,0,146,3390,1179.25,122,24,55,0,0,1,13,53,5820,2026-06-29T21:32:09+00:00
train,13,2,-123.40,381622.119551167,87047.478334195,330.877177749,2185,130,8284,8284,0,10469,0,183,3580,1507.28,164,19,78,0,0,2,14,70,7901,2026-06-29T21:37:59+00:00
train,14,2,-157.38,242060.159034354,114155.099628817,330.754808768,3147,140,8284,8284,0,11431,0,193,2842,1057.04,167,26,63,0,0,4,17,83,7683,2026-06-29T21:43:48+00:00
train,15,2,-311.34,263819.478818665,211360.634803748,354.315516753,34210,132,8284,8284,0,42494,0,161,3877,1270.14,136,25,44,0,28,9,25,30,6396,2026-06-29T21:49:59+00:00
train,16,2,-55.80,552839.163067792,32686.544958077,320.918664981,518,109,8284,8284,0,8802,0,135,4242,1761.83,121,14,87,0,0,0,8,26,5708,2026-06-29T21:55:37+00:00
train,17,2,-262.43,237298.416163677,170229.693381076,335.810941402,25302,144,8284,8284,0,33586,0,179,2945,1251.45,160,19,73,0,27,11,13,36,7713,2026-06-29T22:01:30+00:00
train,18,2,-102.08,436980.434068525,90008.849018061,321.110754534,1722,126,8284,8284,0,10006,0,166,3738,1669.72,152,14,90,0,0,1,18,43,7238,2026-06-29T22:07:13+00:00
train,19,2,-99.77,405489.261577111,93102.380047146,321.860812002,1422,130,8284,8284,0,9706,0,146,3869,1534.45,126,20,83,0,0,0,7,36,6123,2026-06-29T22:12:51+00:00
train,20,2,-117.12,304794.377615069,98863.446009001,334.965295788,1913,124,8284,8284,0,10197,0,169,3572,1297.49,152,16,95,0,0,0,8,49,6930,2026-06-29T22:18:40+00:00
train,21,2,-44.98,627837.145722664,20298.326526554,337.595343319,306,128,8284,8284,0,8590,0,137,4309,1748.55,118,19,93,0,0,0,3,22,5756,2026-06-29T22:24:27+00:00
train,22,2,-41.08,626183.049077787,21501.323188663,326.413115890,321,111,8284,8284,0,8605,0,107,4609,2041.38,94,13,74,0,0,0,1,19,4636,2026-06-29T22:30:14+00:00
train,23,2,-59.57,553525.594646573,36964.106372588,334.375806996,484,126,8284,8284,0,8768,0,160,4075,1750.11,143,17,111,0,0,0,4,28,6839,2026-06-29T22:36:14+00:00
train,24,2,-50.52,579119.527926735,29428.680529885,339.874542702,340,133,8284,8284,0,8624,0,126,4453,1973.22,110,16,92,0,0,0,1,17,5321,2026-06-29T22:42:11+00:00
train,25,2,-48.13,586302.610443074,28572.550621656,328.252773689,380,118,8284,8284,0,8664,0,120,4419,1911.17,107,13,85,0,0,0,1,21,5169,2026-06-29T22:48:01+00:00
train,26,2,-48.80,578140.431736007,24683.329305085,330.238912548,280,128,8284,8284,0,8564,0,176,4535,1846.09,159,17,141,0,0,0,2,16,7746,2026-06-29T22:53:52+00:00
train,27,2,-38.22,589464.553751724,19373.927395542,333.745459389,187,125,8284,8284,0,8471,0,125,4364,1760.90,108,17,96,0,0,0,1,11,5247,2026-06-29T22:59:47+00:00
train,28,2,-39.21,613193.549267684,20138.406133191,326.028988503,226,110,8284,8284,0,8510,0,116,4487,1738.59,103,13,86,0,0,0,2,15,5010,2026-06-29T23:05:34+00:00
train,29,2,-43.97,585719.993474470,21083.709389586,332.390790110,250,133,8284,8284,0,8534,0,141,4226,1857.26,130,11,116,0,0,0,1,13,6394,2026-06-29T23:11:28+00:00
train,30,2,-43.28,596736.267479869,22315.180964108,329.652974360,292,127,8284,8284,0,8576,0,138,4373,1946.40,127,11,99,0,0,0,1,27,6207,2026-06-29T23:17:19+00:00
train,31,2,-39.21,608137.791368547,16632.650696239,336.257623871,288,132,8284,8284,0,8572,0,103,4352,1817.25,91,12,85,0,0,0,1,5,4431,2026-06-29T23:23:16+00:00
train,32,2,-40.01,611020.859784204,17998.785072718,353.442624567,266,125,8284,8284,0,8550,0,105,4468,1746.87,87,18,80,0,0,0,1,6,4287,2026-06-29T23:29:37+00:00
train,33,2,-46.44,621495.792295021,21877.410511995,329.191842920,285,131,8284,8284,0,8569,0,164,4524,1856.76,149,15,131,0,0,0,2,16,7238,2026-06-29T23:35:29+00:00
train,34,2,-38.11,622180.466278708,19832.533733768,335.185447921,189,120,8284,8284,0,8473,0,111,4534,1991.18,100,11,88,0,0,0,1,11,4909,2026-06-29T23:41:28+00:00
train,35,2,-51.25,576358.457735939,28186.176900511,318.372977310,385,129,8284,8284,0,8669,0,137,4316,1846.13,124,13,109,0,0,0,1,14,6050,2026-06-29T23:47:09+00:00
train,36,2,-49.95,587720.137268811,29764.181388268,339.686711928,457,122,8284,8284,0,8741,0,126,4369,1970.82,112,14,105,0,0,0,1,6,5457,2026-06-29T23:53:14+00:00
train,37,2,-33.52,626684.781487555,18510.439088267,344.134928692,144,120,8284,8284,0,8428,0,110,4395,2056.78,101,9,88,0,0,0,1,12,4929,2026-06-29T23:59:22+00:00
train,38,2,-55.19,561572.965946788,27580.049678779,342.498752768,448,125,8284,8284,0,8732,0,146,4419,1671.24,123,23,112,0,0,0,1,10,5939,2026-06-30T00:05:27+00:00
train,39,2,-46.95,599852.364997857,23044.844710503,336.975345500,374,124,8284,8284,0,8658,0,114,4265,1775.46,100,14,92,0,0,0,1,7,4874,2026-06-30T00:11:26+00:00
train,40,2,-56.41,529689.588795000,34350.527900905,342.274611884,422,130,8284,8284,0,8706,0,172,4162,1765.28,149,23,128,0,0,0,1,20,7268,2026-06-30T00:17:31+00:00
train,41,2,-35.25,613052.413720547,15535.748271913,331.839369246,148,119,8284,8284,0,8432,0,128,4328,1802.90,116,12,102,0,0,0,2,12,5638,2026-06-30T00:23:28+00:00
train,42,2,-42.03,609663.464774093,21961.429417118,330.427687902,250,121,8284,8284,0,8534,0,116,4479,1899.53,103,13,91,0,0,0,2,10,4970,2026-06-30T00:29:23+00:00
train,43,2,-46.34,587263.819742167,24565.501722987,339.844309900,262,127,8284,8284,0,8546,0,119,4290,1830.98,105,14,98,0,0,0,1,6,5162,2026-06-30T00:35:27+00:00
train,44,2,-36.11,613786.056518396,16085.901150284,332.180569368,211,117,8284,8284,0,8495,0,101,4500,1953.32,90,11,84,0,0,0,1,5,4402,2026-06-30T00:41:29+00:00
train,45,2,-35.25,622018.686453042,15124.412650913,331.944108228,148,136,8284,8284,0,8432,0,118,4392,1992.66,106,12,100,0,0,0,1,5,5193,2026-06-30T00:47:29+00:00
train,46,2,-40.10,585967.298230045,19568.395236042,334.431495136,202,119,8284,8284,0,8486,0,146,4390,1792.51,128,18,111,0,0,0,1,16,6152,2026-06-30T00:53:31+00:00
train,47,2,-40.66,573579.526845209,22353.973417437,344.233618047,217,122,8284,8284,0,8501,0,120,4270,1692.91,99,21,75,0,0,0,3,21,4864,2026-06-30T00:59:40+00:00
train,48,2,-43.66,607225.192044855,19900.131563446,329.394760198,372,115,8284,8284,0,8656,0,109,4374,1556.26,93,16,72,0,0,0,1,20,4524,2026-06-30T01:05:37+00:00
train,49,2,-57.13,598563.880890752,24916.171941508,330.143630952,746,131,8284,8284,0,9030,0,135,4489,1913.02,119,16,109,0,0,1,3,6,5870,2026-06-30T01:11:35+00:00
train,50,2,-50.53,563802.912748765,28789.521458544,320.262081600,355,129,8284,8284,0,8639,0,122,4159,1819.96,109,13,95,0,0,0,1,13,5275,2026-06-30T01:17:22+00:00
test,51,2,-30.27,594309.266377203,14067.354430204,300.394081054,139,113,8627,8627,0,8766,0,104,4378,2029.43,97,7,88,0,0,0,2,7,4745,2026-06-30T01:22:29+00:00
test,52,2,-33.07,597232.897452621,13379.550588825,299.120786707,93,132,8627,8627,0,8720,0,112,4488,2128.59,105,7,102,0,0,0,1,2,4996,2026-06-30T01:27:33+00:00
test,53,2,-35.46,593808.596919574,14973.067434760,299.205088953,200,122,8627,8627,0,8827,0,76,4333,1874.51,72,4,70,0,0,0,1,1,3532,2026-06-30T01:32:37+00:00
test,54,2,-28.86,591525.925166456,13623.942193470,300.902050725,113,111,8627,8627,0,8740,0,92,4408,1782.48,80,12,78,0,0,0,1,1,3905,2026-06-30T01:37:45+00:00
test,55,2,-31.76,597124.358012066,13496.991562387,292.651561806,135,120,8627,8627,0,8762,0,109,4436,2079.51,104,5,99,0,0,0,1,4,5055,2026-06-30T01:42:44+00:00
train,1,3,-287.08,103999.634223676,182358.675936018,331.032883420,13118,116,8284,8284,0,21402,0,215,2222,809.66,185,30,19,0,11,39,60,56,8018,2026-06-30T01:48:25+00:00
train,2,3,-321.24,110943.716085780,169311.622389029,344.759182231,13116,121,8284,8284,0,21400,0,213,2522,778.90,178,35,9,0,7,29,87,46,7369,2026-06-30T01:54:20+00:00
train,3,3,-289.84,128129.910570486,163194.905360872,321.313202528,13980,126,8284,8284,0,22264,0,150,2764,748.23,125,24,5,0,6,39,51,24,5323,2026-06-30T01:59:53+00:00
train,4,3,-256.41,226224.653756887,158849.888749877,344.918178906,10394,136,8284,8284,0,18678,0,197,3170,1169.01,173,24,46,0,6,26,47,48,8145,2026-06-30T02:05:52+00:00
train,5,3,-184.08,351200.009479098,105084.237858458,333.220079032,5320,136,8284,8284,0,13604,0,207,3873,1306.43,179,28,69,0,10,20,29,51,8184,2026-06-30T02:11:37+00:00
train,6,3,-122.22,424627.389670929,93376.940656074,341.612868724,1990,129,8284,8284,0,10274,0,149,3991,1513.74,126,23,78,0,0,0,10,38,6056,2026-06-30T02:17:35+00:00
train,7,3,-145.50,394095.219294928,105768.338912863,325.733196118,2850,126,8284,8284,0,11134,0,140,3909,1516.65,122,18,49,0,4,8,24,37,5830,2026-06-30T02:23:15+00:00
train,8,3,-116.46,434053.463533202,75031.497719626,353.551342782,1677,127,8284,8284,0,9961,0,192,3804,1547.56,161,31,83,0,5,8,20,45,7625,2026-06-30T02:29:24+00:00
train,9,3,-106.05,497553.290946072,63875.513146119,326.567112327,1555,133,8284,8284,0,9839,0,196,4193,1701.10,172,24,97,0,13,5,13,44,8144,2026-06-30T02:35:10+00:00
train,10,3,-163.25,254068.343991735,116744.903560600,339.972759240,3921,134,8284,8284,0,12205,0,139,3286,1090.63,120,19,25,0,11,15,17,52,5489,2026-06-30T02:41:05+00:00
train,11,3,-45.23,607801.283455888,25230.812470721,336.590798898,491,112,8284,8284,0,8775,0,106,4464,1964.09,95,11,74,0,1,2,5,13,4636,2026-06-30T02:46:56+00:00
train,12,3,-60.85,562772.287293384,27464.044316976,319.432645932,390,132,8284,8284,0,8674,0,173,4290,1815.08,158,15,118,0,2,4,6,28,7619,2026-06-30T02:52:31+00:00
train,13,3,-75.23,548263.715171807,35700.648753234,333.401281805,1053,132,8284,8284,0,9337,0,178,4426,1783.42,160,18,106,0,3,8,13,30,7612,2026-06-30T02:58:23+00:00
train,14,3,-54.94,586197.965729061,24699.272373098,321.859951102,508,127,8284,8284,0,8792,0,131,4390,1842.44,116,15,56,0,15,18,15,12,5653,2026-06-30T03:03:59+00:00
train,15,3,-65.16,532414.157749903,45388.900114115,326.795372307,646,128,8284,8284,0,8930,0,127,4023,1818.67,112,15,77,0,3,6,10,16,5451,2026-06-30T03:09:44+00:00
train,16,3,-37.47,616451.893273293,19355.173427692,327.829799077,148,115,8284,8284,0,8432,0,118,4363,1980.53,110,8,97,0,0,0,1,12,5368,2026-06-30T03:15:25+00:00
train,17,3,-45.89,571349.826591862,26882.041500332,324.929238649,316,114,8284,8284,0,8600,0,137,4391,1958.80,126,11,103,0,0,1,3,19,6155,2026-06-30T03:21:09+00:00
train,18,3,-41.96,608801.800782417,21021.263135528,343.738536084,264,122,8284,8284,0,8548,0,91,4408,1929.09,77,14,61,0,0,0,3,13,3840,2026-06-30T03:27:09+00:00
train,19,3,-44.86,578562.137708731,25678.464710113,352.330020548,255,133,8284,8284,0,8539,0,109,4188,1807.05,94,15,70,0,0,2,7,15,4612,2026-06-30T03:33:20+00:00
train,20,3,-57.53,564506.251423017,31473.097262984,321.886866825,462,130,8284,8284,0,8746,0,153,4467,2038.04,141,12,114,0,0,0,6,21,6901,2026-06-30T03:39:04+00:00
train,21,3,-63.06,551466.815915274,32766.840728784,350.428622610,539,129,8284,8284,0,8823,0,188,4188,1656.48,158,30,133,0,1,2,4,18,7656,2026-06-30T03:45:16+00:00
train,22,3,-47.09,598631.087698902,23138.019724480,334.576970473,379,131,8284,8284,0,8663,0,120,4335,1898.56,106,14,86,0,0,1,5,14,5275,2026-06-30T03:51:10+00:00
train,23,3,-40.10,602886.269460797,21207.745385672,346.498347472,222,123,8284,8284,0,8506,0,125,4382,1793.15,108,17,96,0,0,0,1,11,5244,2026-06-30T03:57:15+00:00
train,24,3,-49.60,597956.100639930,24398.139778465,331.987648239,363,124,8284,8284,0,8647,0,128,4423,1920.82,114,14,100,0,0,0,1,13,5474,2026-06-30T04:03:09+00:00
train,25,3,-37.84,625789.119960616,19422.151592056,365.135110606,197,127,8284,8284,0,8481,0,135,4563,1912.78,115,20,107,0,0,0,1,7,5596,2026-06-30T04:09:41+00:00
train,26,3,-40.20,608938.855970727,18360.254767062,312.645681130,156,137,8284,8284,0,8440,0,128,4456,1839.41,118,10,106,0,0,0,1,11,5850,2026-06-30T04:15:08+00:00
train,27,3,-32.96,643113.098639108,15371.001238666,350.939856128,101,122,8284,8284,0,8385,0,90,4395,1800.74,77,13,59,0,0,1,10,7,3751,2026-06-30T04:21:22+00:00
train,28,3,-46.47,602695.653630990,20782.257081940,333.613207295,558,105,8284,8284,0,8842,0,129,4332,1786.91,111,18,99,0,0,0,3,9,5366,2026-06-30T04:27:15+00:00
train,29,3,-37.86,601753.174791519,21700.685875907,343.305785185,206,122,8284,8284,0,8490,0,137,4551,2027.92,123,14,115,0,0,0,1,7,6022,2026-06-30T04:33:19+00:00
train,30,3,-41.72,589879.907202502,18478.039405873,327.122472386,209,124,8284,8284,0,8493,0,129,4169,1933.42,121,8,113,0,0,0,1,7,5957,2026-06-30T04:39:11+00:00
train,31,3,-40.49,615843.797514196,17593.551644589,343.106938088,176,130,8284,8284,0,8460,0,112,4290,1756.21,96,16,86,0,0,0,1,9,4723,2026-06-30T04:45:17+00:00
train,32,3,-38.78,608650.919800921,17201.211574615,354.989953485,172,135,8284,8284,0,8456,0,138,4344,1745.52,114,24,92,0,0,0,9,13,5531,2026-06-30T04:51:34+00:00
train,33,3,-42.11,599676.452877250,21313.278711589,318.658841004,271,131,8284,8284,0,8555,0,123,4427,2098.84,116,7,108,0,0,0,1,7,5728,2026-06-30T04:57:16+00:00
train,34,3,-38.56,625676.986389793,21588.997598764,337.148364029,189,127,8284,8284,0,8473,0,101,4495,2075.18,90,11,83,0,0,0,1,6,4424,2026-06-30T05:03:16+00:00
train,35,3,-41.32,635166.083806394,18528.439926357,327.949542126,266,127,8284,8284,0,8550,0,125,4520,1877.82,110,15,105,0,0,0,1,4,5338,2026-06-30T05:09:11+00:00
train,36,3,-43.87,581940.739393281,21753.749723327,318.802657159,232,128,8284,8284,0,8516,0,140,4228,2000.36,133,7,127,0,0,0,1,5,6504,2026-06-30T05:14:51+00:00
train,37,3,-39.49,597707.373774743,20226.955697329,324.103789112,201,131,8284,8284,0,8485,0,134,4357,1928.27,119,15,112,0,0,0,1,6,5835,2026-06-30T05:20:39+00:00
train,38,3,-37.92,621168.498778400,15999.422375343,357.500602471,184,139,8284,8284,0,8468,0,113,4383,1680.17,94,19,89,0,0,0,1,4,4646,2026-06-30T05:26:59+00:00
train,39,3,-61.11,548577.613729322,37654.607548682,332.204349871,632,117,8284,8284,0,8916,0,130,4350,1718.08,110,20,80,0,5,3,5,17,5319,2026-06-30T05:32:59+00:00
train,40,3,-35.59,620569.157941490,17482.286951140,334.807764807,165,119,8284,8284,0,8449,0,120,4334,1930.19,108,12,102,0,0,0,1,5,5204,2026-06-30T05:39:00+00:00
train,41,3,-43.35,593134.194209152,17875.325909674,313.718934781,252,125,8284,8284,0,8536,0,147,4307,1748.88,137,10,130,0,0,0,1,6,6609,2026-06-30T05:44:43+00:00
train,42,3,-36.27,637291.525714436,15124.774499088,328.464324812,176,123,8284,8284,0,8460,0,100,4416,1778.09,89,11,76,0,0,0,5,8,4326,2026-06-30T05:50:38+00:00
train,43,3,-42.91,598206.136777715,18663.198131050,349.961538998,357,119,8284,8284,0,8641,0,120,4504,1569.57,101,19,95,0,0,0,1,5,4885,2026-06-30T05:56:51+00:00
train,44,3,-37.89,608651.229314777,18930.876041240,362.088681075,168,122,8284,8284,0,8452,0,134,4321,1844.54,115,19,104,0,0,0,1,10,5605,2026-06-30T06:03:18+00:00
train,45,3,-42.72,620136.290356995,18786.510385551,324.015026595,251,128,8284,8284,0,8535,0,129,4521,1843.54,117,12,110,0,0,0,1,6,5714,2026-06-30T06:09:08+00:00
train,46,3,-41.40,619433.204880956,21250.241282750,345.278088181,262,118,8284,8284,0,8546,0,128,4468,1750.64,104,24,98,0,0,0,1,5,5097,2026-06-30T06:15:18+00:00
train,47,3,-44.23,592225.931247575,22534.326769639,348.725020589,252,122,8284,8284,0,8536,0,161,4312,1815.39,134,27,121,0,0,0,1,12,6528,2026-06-30T06:21:32+00:00
train,48,3,-38.40,613936.691314911,16004.938130912,353.503056260,175,130,8284,8284,0,8459,0,131,4428,1733.50,108,23,101,0,0,0,2,5,5310,2026-06-30T06:27:52+00:00
train,49,3,-39.47,613304.030663417,22127.970326187,350.636664597,225,124,8284,8284,0,8509,0,100,4316,1911.27,87,13,80,0,0,0,1,6,4187,2026-06-30T06:34:12+00:00
train,50,3,-41.20,627699.740345194,17629.461914579,362.978600707,186,127,8284,8284,0,8470,0,112,4327,1913.98,97,15,80,0,0,0,3,14,4717,2026-06-30T06:40:42+00:00
test,51,3,-30.28,588367.922251715,13566.407405496,295.770301054,87,123,8627,8627,0,8714,0,108,4467,1987.64,100,8,98,0,0,0,1,1,4834,2026-06-30T06:45:42+00:00
test,52,3,-34.00,595427.997036349,14554.619861175,297.295489646,178,107,8627,8627,0,8805,0,85,4452,1901.32,79,6,57,0,8,4,5,5,3862,2026-06-30T06:50:47+00:00
test,53,3,-33.37,594724.301374137,15185.661466663,295.116259330,176,127,8627,8627,0,8803,0,88,4403,1975.18,82,6,77,0,0,0,2,3,4047,2026-06-30T06:55:47+00:00
test,54,3,-32.81,586053.323648209,13880.798468710,297.732921293,189,126,8627,8627,0,8816,0,109,4385,2016.72,102,7,100,0,0,0,1,1,4988,2026-06-30T07:00:51+00:00
test,55,3,-30.70,601705.532631291,13801.793682720,291.042004602,183,127,8627,8627,0,8810,0,105,4461,2085.47,101,4,95,0,0,0,1,5,4847,2026-06-30T07:05:48+00:00
train,1,4,-303.46,96546.038336411,166479.777482188,351.442102014,16401,115,8284,8284,0,24685,0,160,2226,654.64,133,27,7,0,12,31,45,38,5293,2026-06-30T07:11:51+00:00
train,2,4,-295.98,117360.517386827,148128.897012312,356.238151697,15311,123,8284,8284,0,23595,0,154,2351,699.75,119,34,2,0,5,30,51,31,4958,2026-06-30T07:17:56+00:00
train,3,4,-275.52,192527.410006104,155574.571726292,352.540944723,10859,118,8284,8284,0,19143,0,209,2984,932.17,164,45,10,0,10,36,57,51,6966,2026-06-30T07:24:01+00:00
train,4,4,-333.82,113278.938909707,166291.391875572,347.155885607,14753,133,8284,8284,0,23037,0,205,2501,775.61,172,33,7,0,7,46,79,33,7081,2026-06-30T07:30:01+00:00
train,5,4,-280.41,172882.624525999,163713.625408393,340.928889581,12479,145,8284,8284,0,20763,0,161,2980,902.83,134,27,10,0,1,35,54,34,5613,2026-06-30T07:35:59+00:00
train,6,4,-241.84,174363.965678265,171268.469831755,370.399828342,10799,116,8284,8284,0,19083,0,189,2710,942.89,161,27,34,0,3,31,41,52,6966,2026-06-30T07:42:24+00:00
train,7,4,-329.53,252044.567303092,147092.914924638,333.448641833,18301,123,8284,8284,0,26585,0,196,3434,1166.32,176,19,20,0,10,77,38,31,7543,2026-06-30T07:48:11+00:00
train,8,4,-352.88,164874.731359777,179102.299186458,389.859634821,15890,141,8284,8284,0,24174,0,202,2595,971.25,163,39,10,0,11,85,39,18,7571,2026-06-30T07:54:53+00:00
train,9,4,-375.82,91323.587111703,189730.426818753,338.931279505,26380,146,8284,8284,0,34664,0,200,2052,696.14,169,31,4,0,55,83,20,7,7243,2026-06-30T08:00:47+00:00
train,10,4,-334.60,32735.183500411,246981.839179530,331.662483503,37663,161,8284,8284,0,45947,0,107,1831,803.37,95,12,0,0,45,29,18,3,4377,2026-06-30T08:06:31+00:00
train,11,4,-325.77,82108.338561892,176008.428035780,333.479093762,23172,135,8284,8284,0,31456,0,141,1977,691.63,119,22,8,0,10,20,61,20,4507,2026-06-30T08:12:17+00:00
train,12,4,-414.37,85029.916633659,185818.740698996,360.657258036,31938,134,8284,8284,0,40222,0,208,2245,673.04,166,42,13,0,14,81,31,27,6618,2026-06-30T08:18:33+00:00
train,13,4,-428.01,99077.011883893,203229.759726794,345.784686753,49714,144,8284,8284,0,57998,0,210,2302,881.25,177,33,17,0,52,14,52,42,7113,2026-06-30T08:24:37+00:00
train,14,4,-251.50,118213.078851699,147355.321541937,343.989591623,13289,122,8284,8284,0,21573,0,137,2147,639.28,115,22,14,0,1,33,21,46,4646,2026-06-30T08:30:37+00:00
train,15,4,-69.37,509522.763413120,50926.797795026,317.273634737,630,130,8284,8284,0,8914,0,174,4276,1903.69,160,14,126,0,0,0,3,31,7837,2026-06-30T08:36:16+00:00
train,16,4,-55.08,612803.720339925,19106.452249560,341.248723718,840,117,8284,8284,0,9124,0,116,4360,1705.56,101,15,83,0,0,1,3,14,4884,2026-06-30T08:42:14+00:00
train,17,4,-43.03,585772.122203013,21257.683623773,332.850168522,294,125,8284,8284,0,8578,0,119,4307,1794.29,105,14,91,0,0,0,1,13,5072,2026-06-30T08:48:04+00:00
train,18,4,-45.73,603716.031554790,20202.066801876,331.444893752,357,138,8284,8284,0,8641,0,131,4423,1981.82,122,9,106,0,0,0,2,14,5859,2026-06-30T08:53:53+00:00
train,19,4,-65.93,527516.551226827,44595.250982490,321.081908486,571,134,8284,8284,0,8855,0,160,4176,1997.64,149,11,125,0,0,0,2,22,7317,2026-06-30T08:59:35+00:00
train,20,4,-46.45,597857.547557462,26452.896357073,361.889117472,345,118,8284,8284,0,8629,0,101,4370,1591.64,77,24,65,0,0,0,1,11,3807,2026-06-30T09:05:49+00:00
train,21,4,-53.50,613115.685952343,25802.667850585,329.195228440,458,121,8284,8284,0,8742,0,129,4628,1790.95,113,16,98,0,0,0,3,12,5449,2026-06-30T09:11:35+00:00
train,22,4,-39.53,605684.828964524,21883.564785720,336.695601844,216,117,8284,8284,0,8500,0,123,4234,1946.80,111,12,103,0,0,0,1,7,5422,2026-06-30T09:17:33+00:00
train,23,4,-63.03,559491.400210547,29554.902021696,374.254488702,612,126,8284,8284,0,8896,0,179,4308,1782.58,150,29,129,0,0,0,5,16,7314,2026-06-30T09:24:12+00:00
train,24,4,-46.46,602458.402501595,22197.384224920,321.886602269,269,126,8284,8284,0,8553,0,156,4352,1879.37,142,14,130,0,0,0,1,11,6933,2026-06-30T09:29:51+00:00
train,25,4,-64.40,537228.061014140,38300.131273301,337.717149180,743,121,8284,8284,0,9027,0,115,4008,1805.06,100,15,87,0,0,0,2,11,4843,2026-06-30T09:35:47+00:00
train,26,4,-40.54,603648.318082790,20161.943678382,335.841163987,212,128,8284,8284,0,8496,0,116,4423,1976.41,105,11,98,0,0,0,1,6,5148,2026-06-30T09:41:42+00:00
train,27,4,-40.94,587679.631617224,21514.367269030,339.599112605,189,129,8284,8284,0,8473,0,142,4465,2051.82,129,13,121,0,0,0,1,7,6309,2026-06-30T09:47:45+00:00
train,28,4,-45.90,593589.239820395,21124.760025578,334.179025773,481,127,8284,8284,0,8765,0,129,4385,1917.22,117,12,108,0,0,1,2,6,5638,2026-06-30T09:53:41+00:00
train,29,4,-46.61,570803.777996872,23851.932111987,348.627681011,284,129,8284,8284,0,8568,0,142,4311,1796.89,118,24,109,0,0,0,1,8,5716,2026-06-30T09:59:51+00:00
train,30,4,-37.55,622158.603050938,15708.960514418,337.408626620,146,128,8284,8284,0,8430,0,96,4385,1831.49,84,12,79,0,0,0,1,4,4154,2026-06-30T10:05:49+00:00
train,31,4,-39.38,643954.664027806,16992.256121687,355.954040578,513,106,8284,8284,0,8797,0,95,4429,1800.98,81,14,75,0,0,1,2,3,3937,2026-06-30T10:12:02+00:00
train,32,4,-42.43,580759.548323723,20940.132903347,343.536279215,176,132,8284,8284,0,8460,0,144,4335,1736.88,122,22,114,0,0,0,1,7,5954,2026-06-30T10:18:11+00:00
train,33,4,-47.96,601479.658193990,22469.307268154,328.597709183,272,139,8284,8284,0,8556,0,127,4385,1920.82,113,14,106,0,0,0,1,6,5520,2026-06-30T10:24:04+00:00
train,34,4,-42.66,637559.816719687,17331.475946055,357.799088254,640,114,8284,8284,0,8924,0,89,4474,1621.06,76,13,70,0,0,1,2,3,3710,2026-06-30T10:30:25+00:00
train,35,4,-43.89,594528.018168602,23029.406957640,330.737355790,247,129,8284,8284,0,8531,0,124,4246,1995.60,116,8,109,0,0,0,1,6,5699,2026-06-30T10:36:22+00:00
train,36,4,-42.85,611496.821064235,20225.110566319,330.044779300,280,123,8284,8284,0,8564,0,128,4532,1851.57,111,17,104,0,0,0,1,6,5444,2026-06-30T10:42:21+00:00
train,37,4,-34.83,636566.278180181,15116.869392851,373.812510742,201,135,8284,8284,0,8485,0,102,4433,1686.79,84,18,82,0,0,0,1,1,4115,2026-06-30T10:48:56+00:00
train,38,4,-37.92,616218.974436693,16680.265611256,355.983974909,185,124,8284,8284,0,8469,0,141,4351,1834.56,121,20,112,0,0,0,1,8,5887,2026-06-30T10:55:15+00:00
train,39,4,-43.35,612641.922752727,18309.101197560,345.127070275,198,140,8284,8284,0,8482,0,133,4338,1793.00,113,20,104,0,0,0,1,8,5562,2026-06-30T11:01:25+00:00
train,40,4,-33.28,620191.672710219,14146.074512892,344.008590183,62,127,8284,8284,0,8346,0,108,4501,1773.95,92,16,88,0,0,0,1,3,4412,2026-06-30T11:07:30+00:00
train,41,4,-42.02,607436.722607277,25400.391046194,394.230439224,276,125,8284,8284,0,8560,0,118,4493,1745.95,92,26,86,0,0,0,1,5,4494,2026-06-30T11:14:30+00:00
train,42,4,-44.35,607318.738251727,18158.344160123,364.921440486,548,127,8284,8284,0,8832,0,120,4338,1869.47,107,13,99,0,0,1,2,5,5151,2026-06-30T11:21:00+00:00
train,43,4,-44.09,585338.983087123,21838.405332100,328.538020540,254,122,8284,8284,0,8538,0,135,4471,1747.08,119,16,112,0,0,0,1,6,5736,2026-06-30T11:26:53+00:00
train,44,4,-40.69,614487.027018687,19162.327442945,331.732229373,306,127,8284,8284,0,8590,0,102,4532,1974.32,94,8,91,0,0,0,1,2,4629,2026-06-30T11:32:46+00:00
train,45,4,-46.33,577806.213552355,22446.072446182,344.903911281,219,133,8284,8284,0,8503,0,151,4219,1831.73,135,16,127,0,0,0,1,7,6533,2026-06-30T11:39:01+00:00
train,46,4,-39.35,614080.762482269,20622.767514421,340.801938605,220,128,8284,8284,0,8504,0,127,4432,2037.52,116,11,110,0,0,0,1,5,5610,2026-06-30T11:45:08+00:00
train,47,4,-42.12,617204.912760962,19002.621807439,351.466302346,285,121,8284,8284,0,8569,0,94,4363,1591.18,76,18,71,0,0,0,1,4,3691,2026-06-30T11:51:22+00:00
train,48,4,-41.03,623917.501441529,18292.437144469,331.555674851,308,92,8284,8284,0,8592,0,117,4410,1721.80,107,10,99,0,0,0,1,7,5130,2026-06-30T11:57:18+00:00
train,49,4,-52.35,589495.847035985,25921.522802787,327.468809042,335,130,8284,8284,0,8619,0,164,4355,1925.87,148,16,134,0,0,0,2,12,7117,2026-06-30T12:03:09+00:00
train,50,4,-31.80,627809.162186133,14169.990889632,341.680517273,97,135,8284,8284,0,8381,0,91,4507,1855.87,81,10,78,0,0,0,1,2,3934,2026-06-30T12:09:20+00:00
test,51,4,-31.59,605346.272857836,14060.295415236,301.903140744,250,117,8627,8627,0,8877,0,86,4488,1925.71,77,9,75,0,0,0,1,1,3745,2026-06-30T12:14:29+00:00
test,52,4,-32.79,590774.483564169,13948.336262199,295.097386404,126,125,8627,8627,0,8753,0,110,4438,1960.66,102,8,100,0,0,0,1,1,4961,2026-06-30T12:19:32+00:00
test,53,4,-32.70,602112.456272781,13407.620550922,297.591620438,147,129,8627,8627,0,8774,0,85,4452,2011.34,79,6,77,0,0,0,1,1,3899,2026-06-30T12:24:35+00:00
test,54,4,-33.16,609989.279891948,15109.907753947,300.218591915,260,109,8627,8627,0,8887,0,82,4481,1915.10,72,10,70,0,0,0,1,1,3523,2026-06-30T12:29:42+00:00
test,55,4,-31.14,598795.884434248,13608.982698240,296.355926322,107,120,8627,8627,0,8734,0,105,4435,2059.97,98,7,96,0,0,0,1,1,4732,2026-06-30T12:34:46+00:00
